Nombre,Colección,Piezas,Fecha,Ventas NA,Ventas EU,Ventas JP,Ventas Otros,Ventas Global
Castillo de Himeji,Architecture,2125,8/11/2017,41.49,29.02,3.77,8.46,82.74
Ciudad de NuevaYork,Architecture,598,4/17/2017,29.08,3.58,6.81,0.77,40.24
Londres,Architecture,468,5/25/2018,15.85,12.88,3.79,3.31,35.82
Paris,Architecture,649,3/10/2018,15.75,11.01,3.28,2.96,33
Gran Pirámide de Guiza,Architecture,1476,12/12/2019,11.27,8.89,10.22,1,31.37
Taj Mahal,Architecture,2022,12/3/2018,23.2,2.26,4.22,0.58,30.26
Singapur,Architecture,827,5/19/2019,11.38,9.23,6.5,2.9,30.01
Estatua de la Libertad,Architecture,1685,2/24/2019,14.03,9.2,2.93,2.85,29.02
La Casa Blanca,Architecture,1483,3/2/2017,14.59,7.06,4.7,2.26,28.62
Batcueva: Caja Sombria,Batman,3981,9/23/2019,26.93,0.63,0.28,0.47,28.31
Batmobile: Caza de Batman vs. The Joker,Batman,438,11/4/2017,9.07,11,1.93,2.75,24.76
LEGO DC Batman: Batmóvil Blindado,Batman,2049,7/27/2018,9.81,7.57,4.13,1.92,23.42
Batwing: Batman vs. The Joker,Batman,357,5/6/2018,9,6.18,7.2,0.71,23.1
Figura para Construir: Batman,Batman,275,12/9/2019,8.94,8.03,3.6,2.15,22.72
Batmóvil: Caza de The Penguin,Batman,392,1/17/2017,9.09,8.59,2.53,1.79,22
Persecución en el Batmobile: Batman vs. The Joker,Batman,54,9/4/2017,14.97,4.94,0.24,1.67,21.82
THE BATMAN: BATMOTO,Batman,641,10/5/2017,7.01,9.27,0.97,4.14,21.4
Llavero de Harley Quin,Batman,,8/13/2018,9.43,0.4,0.41,10.57,20.81
Llavero de Batman,Batman,,4/1/2019,12.78,3.75,3.54,0.55,20.61
Jim Lee: Colección de Batman,Batman,4167,2/1/2019,4.75,9.26,4.16,2.05,20.22
THE BATMAN: BATMOVIL,Batman,1360,11/19/2018,6.42,4.52,6.04,1.37,18.36
Batman contra Harley Quin,Batman,42,5/14/2017,10.83,2.71,4.18,0.42,18.14
EVA y WALLE,BrickHeadz,155,9/20/2019,9.54,3.44,3.84,0.46,17.28
Sonic the Hedgehog,BrickHeadz,139,2/9/2018,9.63,5.31,0.06,1.38,16.38
Jake Sully y su Avatar,BrickHeadz,246,7/28/2017,8.41,5.49,0.47,1.78,16.15
100 Aniversario de Disney,BrickHeadz,501,1/7/2018,6.06,3.9,5.38,0.5,15.85
Héroes de la Batalla de Endor,BrickHeadz,549,6/3/2019,5.57,3.28,5.65,0.82,15.32
Gandalf el Gris y Balrog,BrickHeadz,348,11/23/2017,3.44,5.36,5.32,1.18,15.3
Harry Potter y Cho Chang,BrickHeadz,267,8/14/2018,6.85,5.09,1.87,1.16,14.98
Mi Yo de Ladrillos: FC Barcelona,BrickHeadz,530,1/7/2017,9.03,4.28,0.13,1.32,14.76
Draco Malfoy y Cedric Diggory,BrickHeadz,262,12/25/2018,5.89,5.04,3.12,0.59,14.64
Obi-Wan Kenobi y Darth Vader,BrickHeadz,260,7/5/2019,9.67,3.73,0.11,1.13,14.64
Frodo y Gollum,BrickHeadz,184,5/14/2017,5.17,4.05,4.34,0.79,14.35
Mickey Mouse Fiesta de la Primavera,BrickHeadz,120,2/25/2017,5.77,5.81,0.35,2.31,14.24
Bandido Tusken,BrickHeadz,152,8/28/2018,4.99,5.88,0.65,2.52,14.03
Miles Tails Prower,BrickHeadz,131,9/7/2017,8.25,4.3,0.07,1.12,13.73
Cruella y Maléfica,BrickHeadz,320,12/12/2019,8.52,3.63,0.08,1.29,13.51
Vaiana y Mérida,BrickHeadz,410,12/2/2019,5.54,5.82,0.49,1.62,13.46
Bailari­n de la Danza del León,BrickHeadz,239,2/8/2019,6.99,4.51,0.3,1.3,13.1
Mi Yo de Ladrillos: Manchester United,BrickHeadz,530,9/21/2019,6.75,2.61,2.66,1.02,13.04
Aragorn y Arwen,BrickHeadz,261,1/13/2019,5.98,4.44,0.48,1.83,12.73
Kingsley Shacklebolt y Nymphadora Tonks,BrickHeadz,250,6/4/2018,2.55,3.52,5.33,0.88,12.27
Pata Daisy,BrickHeadz,110,4/8/2018,4.74,3.91,2.67,0.89,12.21
Iron Spider-Man,BrickHeadz,91,5/9/2019,7.97,2.83,0.13,1.21,12.14
Ahsoka Tano,BrickHeadz,164,12/17/2017,3.8,5.81,0.36,2.02,11.98
San Bernardo,BrickHeadz,236,3/25/2018,4.4,2.77,3.96,0.77,11.9
Goofy y Pluto,BrickHeadz,214,1/22/2019,6.91,2.85,1.91,0.23,11.89
Pato Donald,BrickHeadz,90,10/6/2017,3.01,0.01,1.1,7.53,11.66
Zombi,BrickHeadz,81,4/10/2017,6.16,3.4,1.2,0.76,11.52
Stitch,BrickHeadz,152,7/6/2019,4.23,3.37,3.08,0.65,11.33
Groot en Maceta,BrickHeadz,113,12/24/2018,6.16,2.04,2.69,0.29,11.18
Chip y Chop,BrickHeadz,226,4/3/2017,6.76,3.1,0.14,1.03,11.02
Bulldog Francés,BrickHeadz,237,10/1/2019,4.02,3.87,2.54,0.52,10.95
Profesores de Hogwarts,BrickHeadz,601,8/28/2017,4.89,2.99,2.13,0.78,10.79
Woody y Bo Peep,BrickHeadz,296,5/10/2019,2.96,4.88,0.81,2.12,10.77
El Mandaloriano y el Niño,BrickHeadz,295,8/14/2018,4.99,3.69,0.38,1.63,10.69
Llama,BrickHeadz,100,5/2/2018,4.76,3.76,0.44,1.62,10.57
Alex,BrickHeadz,86,12/2/2018,5.99,2.15,2.12,0.29,10.55
Avión de Pasajeros,City,913,2/15/2017,4.34,2.65,3.15,0.35,10.49
Casa Familiar y Coche Electrico,City,462,3/3/2018,5.08,3.11,1.25,0.98,10.42
Tren de Pasajeros de Alta Velocidad,City,764,2/14/2018,6.05,3.15,0,1.07,10.26
Hospital,City,816,5/18/2019,6.72,2.63,0.04,0.82,10.21
Centro de Esqui­ y Escalada,City,1045,3/8/2017,7.03,1.98,0.08,0.78,9.88
Heladeria,City,296,12/7/2019,5.55,1.94,2.23,0.15,9.87
Exploradores del Artico: Camión y Laboratorio Móvil,City,489,9/23/2019,3.66,3.07,2.47,0.63,9.82
Autocaravana de Vacaciones,City,190,6/2/2018,6.63,2.36,0.04,0.73,9.76
Exploradores del Artico: Barco,City,815,8/20/2018,3.01,2.47,3.28,0.96,9.72
Desafío Acrobatico: Rampa y Aro,City,144,11/24/2017,4.09,3.73,0.38,1.38,9.59
Centro Urbano,City,2010,8/24/2017,5.84,2.89,0.01,0.78,9.52
Exploradores del Artico: Motonieve,City,70,6/21/2017,3.88,3.42,1.69,0.5,9.49
Barco de Exploración Submarina,City,182,12/24/2018,5.91,2.38,0.13,0.9,9.32
Camiones de Obra y Grúa con Bola de Demolición,City,235,2/27/2019,4.36,1.71,3,0.23,9.3
Estación de Tren,City,907,9/11/2018,5.58,2.83,0.02,0.77,9.2
Unidad Móvil de Control de Incendios,City,502,1/5/2019,2.01,2.32,4.36,0.41,9.09
Coche de Policia,City,94,6/1/2019,4.46,1.88,1.98,0.7,9.02
Avión Acrobatico,City,59,6/25/2017,5.03,2.86,0.1,0.85,8.84
Comisaria de Policia,City,668,10/6/2018,3.54,1.24,3.81,0.18,8.76
Grúa Móvil,City,340,3/14/2017,6.82,1.53,0.05,0.08,8.49
Edificio de Apartamentos,City,688,1/12/2018,1.79,3.53,2.49,0.68,8.49
Furgoneta Veterinaria de Rescate,City,58,10/16/2019,1.11,6.06,0.06,1.26,8.49
Tren de Mercancias,City,1153,9/10/2019,3.81,2.3,1.58,0.73,8.42
Excavadora de Obra,City,148,9/6/2017,2.91,1.86,3.14,0.43,8.33
Vias,City,20,4/4/2018,1.06,5.05,0.13,2.01,8.24
Camión Hamburgueseria,City,194,11/25/2017,0.98,6.42,0,0.71,8.11
Isla Prisión de la Policia,City,980,1/15/2018,5.8,2.01,0.13,0.15,8.09
Róver de Control y Grúa de Carga,City,758,11/8/2019,2.58,3.9,0.66,0.91,8.06
Coche de Carreras,City,46,10/20/2017,2.91,2.07,2.73,0.33,8.05
Camión de Rescate 4x4 de Bomberos,City,97,5/1/2017,2.28,1.72,3.63,0.23,7.86
Nave Espacial Interestelar,City,240,10/8/2018,2.82,1.78,2.69,0.55,7.84
Base Espacial y Plataforma de Lanzamiento,City,1422,9/18/2019,7.28,0.45,0,0.08,7.81
Parque de Bomberos con Camión de Bomberos,City,843,1/5/2017,2.9,2.83,0.24,1.75,7.72
Estación Espacial Modular,City,1097,5/23/2018,3.66,2.42,0.98,0.64,7.69
Centro de Lanzamiento Espacial,City,1010,8/3/2018,2.93,3.29,0.22,1.23,7.67
Barco Velero,City,102,5/23/2019,4.1,1.89,1.45,0.16,7.6
Meca de Construcción Espacial,City,140,8/15/2017,2.8,3.3,0.14,1.37,7.6
Nave Espacial y Descubrimiento del Asteroide,City,126,9/20/2018,3.78,2.17,1.31,0.31,7.58
Laboratorio de Criminologia Móvil de la Policia,City,674,1/28/2019,5.39,1.18,0.7,0.19,7.46
Avión de Rescate de Bomberos,City,478,10/24/2019,3.24,1.35,2.42,0.43,7.45
Karts y Pilotos de Carreras,City,99,3/8/2019,4.79,1.9,0,0.69,7.37
Moto de Policia y Coche a la Fuga,City,59,2/22/2018,4.46,2.13,0.06,0.69,7.34
Helicóptero de Rescate para Emergencias,City,226,2/1/2017,3.83,2.19,0.6,0.7,7.31
Submarino de Exploración de las Profundidades,City,842,10/13/2017,4.52,2.09,0.01,0.67,7.3
Persecución Policial en el Banco,City,915,4/13/2017,3.51,3.03,0,0.73,7.27
Apisonadora,City,78,7/27/2017,2.85,2.93,0.35,1.1,7.23
Furgoneta-Pinguino de Granizadas,City,194,5/16/2019,3.27,2.83,0.08,1.02,7.2
Bases de Carretera,City,112,10/7/2018,3.27,2.22,1.4,0.29,7.16
Monster Truck Azul,City,148,4/15/2018,3.68,1.75,1.42,0.28,7.13
Central de Vehi­culos de Emergencia,City,706,8/1/2019,4.41,1.04,1.39,0.22,7.07
Róver Explorador Espacial y Vida Extraterrestre,City,311,3/1/2017,3.13,2.07,1.27,0.49,6.96
Entrenamiento Móvil para Perros Policia,City,197,10/16/2017,2.47,3.15,0.24,1.1,6.96
Base de Investigación Lunar,City,786,1/26/2019,4.12,1.77,0.87,0.19,6.95
Moto Acrobatica: Bañera,City,14,10/24/2018,4.14,2.21,0,0.56,6.91
Coche de Carreras y Camión de Transporte,City,328,6/15/2018,2.71,3.02,0.08,1.09,6.9
Deportivo de Carreras Verde,City,56,11/13/2019,0.78,4.32,0.07,1.73,6.9
Coche de Policia y Potente Deportivo,City,213,8/22/2017,2.93,2.75,0.17,0.99,6.83
Deportivo Electrico,City,95,3/19/2018,2.77,2.8,0.19,1.06,6.83
Moto Acrobatica: Cibernauta,City,13,12/25/2018,3.23,2.35,0.94,0.3,6.82
Transporte Equino,City,196,2/18/2018,3.5,2.64,0,0.67,6.81
Autolavado,City,243,8/26/2019,4.15,1.92,0.06,0.64,6.76
Camión de Reciclaje,City,261,5/21/2017,3.27,2.25,0.21,1,6.73
Ambulancia de Emergencias y Chico con Snowboard,City,79,7/14/2019,3.1,2.3,0.28,1.04,6.72
Transporte del Helicóptero de Rescate,City,215,11/24/2017,0.84,4.32,0.11,1.42,6.69
Camión Hormigonera,City,85,5/7/2019,1.67,2.78,1.6,0.62,6.67
Lancha de Policia y Guarida de los Ladrones,City,311,8/20/2018,2.79,2.61,0.17,1.03,6.6
Coches de Carreras Modificados,City,359,6/19/2019,3.25,1.84,1.03,0.47,6.59
Cambios de Agujas,City,8,1/5/2017,0.79,4.29,0.05,1.47,6.59
Helicóptero de Rescate de Bomberos,City,85,10/7/2018,2.55,2.71,0.25,1.05,6.56
Granero y Animales de Granja,City,230,4/26/2017,3.74,0.93,1.69,0.14,6.51
Central Móvil de Policia,City,436,11/12/2019,2.64,2.56,0.16,1.14,6.5
Camión de Bomberos 4x4 con Barco de Rescate,City,301,2/26/2018,4.98,1.3,0.08,0.07,6.43
Persecución Policial del Camión de los Helados,City,317,9/18/2017,2.57,1.58,2.06,0.21,6.41
Moto Acrobatica: Oso,City,10,10/25/2019,3.64,1.2,1.49,0.07,6.4
Camión de Torneo de Videojuegos,City,344,9/11/2018,2.55,1.56,1.29,0.99,6.39
Vehi­culo de Exploración Lunar,City,275,5/14/2018,4.34,1.35,0.06,0.61,6.36
Cuerpo de Bomberos,City,766,1/17/2017,3.7,1.97,0.09,0.57,6.34
Estación Espacial Lunar,City,500,7/21/2018,4.01,1.26,0.87,0.17,6.31
Moto de Rescate de Bomberos,City,57,2/8/2019,2.47,0.83,2.87,0.12,6.3
Parque de Bomberos y Camión de Bomberos,City,153,11/15/2017,0.07,6.21,0,0,6.28
Parque de Bomberos,City,540,7/26/2019,3.11,2.8,0.02,0.33,6.27
Quad y Hábitat de la Nutria,City,90,5/17/2017,3.92,1.78,0.03,0.51,6.24
Calendario de Adviento LEGO City 2023,City,258,9/20/2017,4.05,1.62,0.07,0.49,6.24
Tractor Forestal,City,86,4/27/2018,3.54,1.9,0.07,0.6,6.11
Misiones de Exploración Espacial de Marte,City,298,5/15/2019,2.45,2.01,0.87,0.72,6.05
Moto Acrobatica: Escorpión Temerario,City,15,3/14/2019,4.47,1.2,0.16,0.19,6.03
Lancha de Rescate de Bomberos,City,144,5/12/2019,3.18,1.83,0.78,0.24,6.03
Academia de Policia,City,823,3/15/2019,2.63,1.74,0.83,0.83,6.03
Todoterreno 4x4 Aventurero,City,252,8/1/2018,2.41,2.28,0.28,1.01,5.99
Camión de los Helados,City,200,6/23/2018,1.88,0,2.33,1.74,5.95
Persecución en la Comisaria de Policia,City,172,12/14/2018,2.8,2.05,0.17,0.9,5.92
Tractor,City,148,11/20/2017,0.66,0.69,4.35,0.15,5.84
Misiones de Rescate de Animales Salvajes,City,246,10/28/2019,3.66,1.63,0,0.53,5.83
Taller Mecánico de Tuning,City,507,4/16/2017,1.88,1.47,2.02,0.45,5.82
Parque de Patinaje Urbano,City,454,8/12/2019,2.26,1.89,1.36,0.23,5.74
Pack de Vehi­culos Deportivos,City,362,2/20/2018,3.13,1.94,0.07,0.58,5.72
Rescate de Bomberos y Persecución Policial,City,295,1/27/2017,2.49,2.05,0.16,0.96,5.65
Montaña Rusa Espacial Móvil,City,433,9/15/2017,2.97,0.69,1.81,0.11,5.58
Desafío Acrobatico: Ataque del Tiburón,City,122,3/21/2019,2.54,1.95,0.21,0.87,5.57
Misiones de Investigación de la Policia Acuática,City,278,7/21/2017,2.95,0.6,1.97,0.04,5.55
Carrera de Camiones Monstruo,City,301,11/13/2017,3.28,1.65,0.07,0.55,5.55
Desafío Acrobatico: Anillos Giratorios,City,117,12/9/2018,2.7,1.91,0.11,0.8,5.53
Desafío Acrobatico: Derribo,City,117,6/8/2019,2.99,1.92,0.1,0.51,5.51
Pista Acrobatica con Doble Rizo,City,598,4/10/2018,0.47,0.57,4.13,0.34,5.5
Rizo Acrobatico: Chimpancé Devastador,City,226,1/26/2018,3.14,1.24,0.91,0.2,5.49
Desafío Acrobatico: Camión y Anillos de Fuego,City,479,2/21/2017,2.62,1.64,0.99,0.23,5.47
Desafío Acrobatico: Rizo Extremo,City,385,11/27/2019,3.21,1.11,0.95,0.2,5.46
Helicóptero de Bomberos,City,53,7/11/2018,3.18,1.24,0.94,0.09,5.45
Caja de Ladrillos Creativos Mediana LEGO,Classic,484,8/19/2019,2.72,1.87,0,0.84,5.43
Diversión Creativa: Pastel,Classic,333,6/26/2017,2.07,2.29,0.24,0.82,5.42
Ladrillos Creativos Transparentes,Classic,500,12/12/2019,1.97,2.51,0,0.94,5.42
Ladrillos a Montones,Classic,1000,9/14/2019,1.74,1.24,1.87,0.52,5.36
Monstruos Creativos,Classic,140,3/16/2019,2.18,0.96,2,0.2,5.34
Maleti­n creativo,Classic,213,10/8/2018,3.02,1.12,1.01,0.16,5.31
Construye en Compañia,Classic,1601,8/13/2018,1.62,0.77,2.78,0.14,5.3
Base Verde,Classic,1,5/3/2019,3.13,1.71,0.03,0.44,5.3
Ladrillos y Funciones,Classic,500,11/1/2017,1.92,1.08,2.11,0.17,5.29
Caja de Ladrillos Creativos Vibrantes,Classic,850,4/14/2018,3.33,0.79,1.09,0.06,5.27
Creatividad a Todo Color,Classic,1500,2/27/2018,3.1,1.56,0.08,0.51,5.27
Base Blanca,Classic,1,4/12/2017,1.22,2.48,1.03,0.52,5.26
Base Gris,Classic,1,3/15/2017,2.3,2.46,0.2,0.28,5.24
Universo Creativo de Fantasia,Classic,1800,6/5/2017,0.65,0.75,3.61,0.2,5.21
Vehi­culos Creativos,Classic,900,12/22/2017,2.93,1.25,0.83,0.2,5.2
Base Azul,Classic,1,1/7/2019,2.43,2.15,0,0.62,5.2
Misión Espacial,Classic,1700,8/25/2017,2.49,0.98,1.57,0.15,5.19
90 Años de Juego,Classic,1100,7/4/2019,2.32,1.3,1.27,0.31,5.19
Caja Creativa: Fiesta,Classic,900,12/5/2019,1.08,3.48,0.03,0.58,5.18
Planetas Espaciales Creativos,Classic,450,2/24/2017,1.9,1.83,0.95,0.49,5.17
Ladrillos y Ruedas,Classic,653,4/25/2018,2.1,0.74,2.2,0.11,5.15
Casas Creativas,Classic,850,7/17/2017,0.96,2.02,1.89,0.28,5.15
Mascotas Creativas,Classic,450,7/22/2018,1.64,2.48,0.44,0.58,5.14
Diversión Creativa: Simios,Classic,135,5/21/2019,2.71,0.61,1.7,0.11,5.13
Diversión Oceánica Creativa,Classic,333,3/15/2018,1.98,2.23,0.13,0.8,5.13
Diversión Creativa: Neón,Classic,333,12/6/2018,3.59,1.11,0.05,0.38,5.13
Criaturas del Fondo Marino,Creator 3in1,230,6/2/2019,3.21,1.53,0.01,0.38,5.13
Cámara Retro,Creator 3in1,261,4/24/2018,3.22,1.69,0,0.2,5.12
Unicornio Mágico,Creator 3in1,145,8/24/2019,3.81,0.63,0,0.68,5.12
Grandes dinosaurios,Creator 3in1,174,10/26/2019,1.96,1.43,1.08,0.65,5.11
Moto Clásica,Creator 3in1,128,11/8/2018,1.7,2.02,0.16,1.21,5.08
Astronauta Espacial,Creator 3in1,647,7/28/2017,0.6,3.29,0.06,1.13,5.08
Lanzadera Espacial,Creator 3in1,144,10/18/2017,2.66,2.01,0,0.41,5.08
Perros Adorables,Creator 3in1,475,4/17/2017,3.4,1.3,0.15,0.22,5.07
Pavo Real Exótico,Creator 3in1,355,2/15/2017,2.05,1.16,1.11,0.73,5.05
Loro Exótico,Creator 3in1,253,2/19/2019,3.42,1.38,0.02,0.2,5.02
Safari de Animales Salvajes,Creator 3in1,780,2/8/2018,2.59,1.06,0.8,0.57,5.02
Conejo Blanco,Creator 3in1,258,6/16/2018,2.79,1.89,0,0.33,5.01
Camión Plataforma con Helicóptero,Creator 3in1,270,6/22/2017,3.36,1.36,0.07,0.21,5
Ukelele Tropical,Creator 3in1,387,12/15/2018,3.06,1.18,0.29,0.46,5
Dragón Rojo,Creator 3in1,149,7/2/2017,3.49,0.01,0.01,1.48,4.98
Criaturas Fantásticas del Bosque,Creator 3in1,175,2/25/2019,1.85,1.2,1.54,0.37,4.96
Flores en Regadera,Creator 3in1,420,8/13/2018,3.39,1.03,0.09,0.44,4.96
Loro Rosa Exótico,Creator 3in1,253,7/1/2018,2.31,1.73,0.12,0.78,4.94
Reactor Supersónico,Creator 3in1,215,2/12/2017,3.98,0.26,0.01,0.66,4.91
Montaña Rusa Espacial,Creator 3in1,874,11/10/2019,2.89,1.54,0,0.46,4.9
Barco Pirata,Creator 3in1,1264,5/6/2019,2.91,0.99,0.89,0.1,4.88
Pati­n Retro,Creator 3in1,342,1/28/2018,0,0,4.87,0,4.87
Rueda de Hámster,Creator 3in1,416,3/24/2017,2.62,0.6,1.52,0.1,4.85
Pajarera,Creator 3in1,476,12/25/2018,2.74,1.36,0.12,0.63,4.84
Barco Vikingo y Serpiente Midgard,Creator 3in1,1192,9/1/2017,1.91,2,0.09,0.83,4.83
Tigre Majestuoso,Creator 3in1,755,11/9/2017,2.56,1.68,0,0.59,4.83
Misión del Tesoro Hundido,Creator 3in1,522,4/19/2017,0.57,3.14,0.04,1.07,4.82
Restaurante de Fideos del Centro,Creator 3in1,569,12/11/2017,2.57,1.57,0.44,0.21,4.79
Calle Principal,Creator 3in1,1459,3/15/2018,0.28,3.75,0.06,0.69,4.77
Robot Invencible,Creator 3in1,159,4/25/2019,2.99,1.31,0.04,0.41,4.76
Ciberdrón,Creator 3in1,113,11/27/2019,2.36,2.1,0.02,0.25,4.73
Castillo Medieval,Creator 3in1,1426,8/27/2019,1.73,2.19,0,0.79,4.7
Casa Confortable,Creator 3in1,808,7/21/2018,3.05,1.41,0.02,0.2,4.68
Deportivo Callejero,Creator 3in1,258,3/19/2019,1.87,1.12,1.32,0.37,4.68
Furgoneta Playera,Creator 3in1,556,9/13/2019,1.94,1.95,0.08,0.7,4.67
Delfi­n y Tortuga,Creator 3in1,137,5/18/2018,2.08,2.04,0.06,0.47,4.64
Casa Surfera en la Playa,Creator 3in1,564,6/26/2017,2.29,1.97,0.13,0.24,4.63
LEGO: Titanic,Creator Expert,9090,3/27/2019,3.06,1.12,0,0.44,4.62
Hotel Boutique,Creator Expert,3066,10/22/2017,2.42,0.91,1.15,0.13,4.61
Ramo de Flores,Creator Expert,756,11/22/2019,2.6,0.99,0.89,0.13,4.6
Máquina del Tiempo de Regreso al Futuro,Creator Expert,1872,4/18/2019,1.89,1.99,0.22,0.48,4.58
Libreria,Creator Expert,2504,9/9/2017,1.78,1.39,1.1,0.3,4.58
Transbordador Espacial Discovery de la NASA,Creator Expert,2354,9/17/2018,1.55,1.15,1.44,0.43,4.57
Orqui­deas,Creator Expert,608,5/11/2018,1.78,1.87,0.07,0.82,4.55
Optimus Prime,Creator Expert,1508,12/20/2018,4.18,0.26,0.01,0.08,4.53
Porsche 911,Creator Expert,1458,3/28/2017,3.19,0.92,0.01,0.42,4.53
Suculentas,Creator Expert,771,8/4/2019,4.21,0.24,0,0.05,4.5
Furgoneta Clásica,Creator Expert,1677,3/5/2018,3.63,0.24,0.01,0.61,4.49
Vespa,Creator Expert,118,12/19/2018,2.71,1.51,0.03,0.23,4.48
Gran plaza,Creator Expert,4002,5/21/2018,0.2,0.14,4.1,0.02,4.47
ECTO-1 de los Cazafantasmas,Creator Expert,2352,12/24/2017,1.96,1.69,0.08,0.74,4.47
NASA Apollo 11 Lunar Lander,Creator Expert,1087,5/6/2017,2.71,1.29,0.02,0.43,4.45
Casa Encantada de la Feria,Creator Expert,3231,3/12/2019,1.54,1.94,0.19,0.77,4.45
Coliseo,Creator Expert,9036,1/7/2018,2.55,1.11,0.46,0.33,4.44
Ford Mustang,Creator Expert,1471,4/28/2019,2.67,1.35,0.01,0.39,4.42
Estadio del Real Madrid  Santiago Bernabéu,Creator Expert,5876,7/19/2018,2.66,1.29,0.01,0.46,4.41
Ave del Parai­so,Creator Expert,1173,8/26/2019,0.1,2.39,1.05,0.86,4.39
Tren de Alta Velocidad,Creator Expert,284,1/20/2017,2.82,1.05,0.13,0.4,4.39
Apartamentos de Friends,Creator Expert,2048,10/12/2019,2.19,0.5,1.61,0.08,4.38
Comisaria de Policia,Creator Expert,2923,9/16/2017,2.03,1.79,0.08,0.47,4.37
Visita de Papá Noel,Creator Expert,1445,4/18/2018,1.73,1.73,0.14,0.75,4.35
Batcueva: Caja Sombria,DC,3981,11/17/2019,3.03,0.91,0.26,0.13,4.34
LEGO DC Batman: Batmóvil Blindado,DC,2049,9/19/2018,2.2,0.58,1.38,0.17,4.33
Batmóvil: Caza de The Penguin,DC,392,10/22/2019,4,0.26,0,0.05,4.31
THE BATMAN: BATMOTO,DC,641,5/9/2019,2.51,1.27,0.11,0.41,4.31
Llavero de Superman,DC,,4/18/2017,0.92,2.93,0.01,0.46,4.31
THE BATMAN: BATMOVIL,DC,1360,7/1/2017,2.75,1.18,0,0.37,4.31
Jim Lee: Colección de Batman,DC,4167,8/22/2019,2.64,1.2,0.03,0.39,4.26
Castillo Disney,Disney,4837,2/18/2017,2.23,1.34,0.07,0.61,4.25
Casa de Up,Disney,598,1/19/2019,2.11,1.11,0.72,0.3,4.25
Mini Castillo Disney,Disney,567,9/17/2019,3,1.11,0.05,0.07,4.24
EVA y WALLE,Disney,155,12/21/2017,1.41,2.02,0.1,0.72,4.24
Cámara en Homenaje a Walt Disney,Disney,811,12/8/2018,1.46,0,0.83,1.93,4.23
100 Años de Iconos de la Animación Disney,Disney,1022,1/21/2018,2.45,1.02,0,0.75,4.22
Mini Palacio de Agrabah Disney,Disney,506,4/4/2019,1.7,2.27,0,0.23,4.21
Diversión en el Autolavado con Rayo McQueen y Mate,Disney,29,1/10/2018,0.78,2.55,0.04,0.84,4.21
Rapunzel Bailarina,Disney,89,9/1/2017,2.03,1.27,0.62,0.3,4.21
Casa Madrigal,Disney,587,6/5/2017,0.88,2.3,0.2,0.83,4.2
100 Aniversario de Disney,Disney,501,2/16/2019,1.28,1.83,0.57,0.53,4.2
Vaiana y Mérida,Disney,410,10/21/2018,1.3,2.07,0.18,0.65,4.2
Mini Mansión Encantada Disney,Disney,680,11/12/2017,2.02,1.06,0.58,0.53,4.19
Iconos de Villanos,Disney,1540,9/11/2018,2.25,1.47,0.04,0.43,4.19
Frozen: Parai­so Invernal de Ana y Elsa,Disney,154,2/17/2017,0.84,2.79,0.02,0.53,4.19
Concha Real de la Sirenita,Disney,1808,4/28/2018,3.38,0.44,0.31,0.04,4.17
Mini Castillo de Disney Ariel,Disney,557,4/16/2019,2.04,0.48,1.57,0.07,4.16
Patio del Castillo de Ana,Disney,74,11/22/2019,3.79,0.27,0,0.11,4.16
Llavero de Mickey,Disney,,1/21/2017,3.36,0.21,0.01,0.56,4.14
Llavero de Minie,Disney,,8/28/2019,1.4,1.86,0.11,0.77,4.14
Torre de Rapunzel y El Patito Frito,Disney,623,7/25/2017,1.65,0.61,1.76,0.09,4.12
Gran Castillo de Aventuras,Disney,698,5/8/2018,4.03,0,0.09,0,4.12
Dúos Disney,Disney,553,11/27/2019,0.71,2.48,0.03,0.89,4.11
Asha en la Ciudad de Rosas,Disney,154,4/9/2019,1.42,0.51,2.1,0.07,4.1
Mickey Mouse Fiesta de la Primavera,Disney,120,1/22/2018,2.13,1.5,0.05,0.42,4.1
Cruella y Maléfica,Disney,320,5/5/2017,2.14,1.2,0.37,0.4,4.1
Aventura en el Mercado de las Princesas Disney,Disney,817,10/22/2018,2.57,1.52,0,0,4.09
Castillo de Bella y Bestia,Disney,505,9/20/2019,2.45,1.26,0.01,0.37,4.09
Torre de Rapunzel,Disney,369,9/28/2018,2.65,1.06,0.04,0.33,4.08
Batalla contra Zurg,Disney,261,12/26/2017,2.32,0.04,0.04,1.67,4.07
Vuelo sobre Londres de Peter Pan y Wendy,Disney,466,2/15/2018,0.12,2.26,0.9,0.77,4.06
Castillo de Hielo,Disney,1709,9/26/2019,2.35,1.28,0.03,0.41,4.06
Casa del Arbol Encantada,Disney,1016,12/19/2018,2.28,1.55,0.16,0.06,4.05
Barco Aventurero de Vaiana,Disney,321,8/3/2018,1.68,1.51,0.51,0.35,4.05
Castillo Mágico ,Disney,160,3/19/2019,2.78,0.58,0.64,0.04,4.03
Cofre de Tesoros de Ariel,Disney,370,10/22/2017,1.12,2.12,0.1,0.69,4.03
Mack en las Carreras,Disney,14,2/4/2019,1.38,1.87,0.12,0.65,4.02
Patio del Castillo de Elsa,Disney,53,11/28/2019,1.22,0.28,2.46,0.04,4.01
Calesa de Cuentos de Bella,Disney,62,9/22/2017,2.15,1.2,0.07,0.59,4.01
Elsa y Bruni en el Bosque Encantado,Disney,31,5/24/2017,0.92,1.78,0.92,0.37,4
Tren Homenaje a Disney,Disney,200,10/15/2017,2.67,0.89,0.05,0.37,3.99
Aventura de Jasmine y Mulán,Disney,176,6/20/2018,2.08,1.35,0,0.54,3.98
Delicias Heladas de Elsa,Disney,82,3/22/2017,2.1,1.36,0.06,0.4,3.92
Palacio Submarino de Ariel,Disney,498,5/6/2018,1.18,1.96,0.08,0.7,3.92
Castillo Helado de Elsa,Disney,163,4/28/2017,1.97,0.76,1.07,0.11,3.91
Castillo de Aurora,Disney,187,6/18/2019,2.29,1.17,0.01,0.42,3.9
Woody y Bo Peep,Disney,296,2/8/2019,1.33,1.71,0.13,0.73,3.89
LEGO Minifigures: Edición Disney 100,Disney,8,10/20/2018,0.67,0.49,2.62,0.11,3.89
Tiovivo Mágico de Ana y Elsa,Disney,175,2/13/2018,1.53,1.61,0.06,0.67,3.88
Libro de Cuento: La Sirenita,Disney,134,11/14/2019,1.15,2.09,0,0.64,3.88
Llavero del Pato Donald,Disney,,8/22/2018,0.1,0,3.77,0,3.87
Joyero Creativo de Elsa,Disney,300,9/5/2017,0.93,1.94,0.31,0.7,3.87
Castillo de Cenicienta y el Principe,Disney,365,1/25/2017,2.12,1.14,0.1,0.51,3.87
Salón de Baile de Bella,Disney,23,8/17/2019,0.16,1.89,1.12,0.68,3.85
Mickey y sus Amigos: Megapack de Pulseras,Disney,349,5/18/2019,2.48,0.65,0.03,0.69,3.85
Cuentos e Historias: Elsa y el Nokk,Disney,125,1/17/2019,2.12,1.44,0.22,0.06,3.84
Pato Donald,Disney,90,2/17/2017,0.87,1.57,1.05,0.35,3.84
Tren de Cumpleaños de Mickey y Minie,Disney,22,5/1/2017,2.21,0.96,0.54,0.13,3.83
Viaje Encantado de las Princesas,Disney,320,9/8/2018,2.26,0.48,0.81,0.27,3.83
Nave Espacial XL-15,Disney,497,9/15/2017,1.06,1.93,0.41,0.43,3.82
Disney Princess: Castillos Creativos,Disney,140,10/3/2019,1.44,1.37,0.73,0.27,3.81
Stitch,Disney,730,12/24/2017,1.49,1.58,0.1,0.61,3.79
Excursión de Campo de Mickey Mouse y Minie Mouse,Disney,103,3/8/2018,2.4,1.03,0,0.36,3.78
Llavero de Elsa LEGO l Disney Frozen 2,Disney,,8/9/2019,1.14,1.91,0.27,0.46,3.78
Elsa y el Establo de Hielo del Nokk,Disney,53,4/8/2018,1.82,1.24,0.47,0.25,3.77
Llavero de Olaf LEGO l Disney Frozen 2,Disney,,11/19/2018,1.4,1.4,0.1,0.87,3.77
Mickey Mouse y Minie Mouse: Parche para Coser,Disney,95,3/3/2017,2.03,1.56,0,0.17,3.76
Duelo contra Zyclops,Disney,87,11/8/2018,1.98,0.88,0.59,0.32,3.76
Cuentos e Historias: Peter Pan y Wendy,Disney,111,1/19/2018,1.98,1.47,0,0.32,3.76
Winie the Pooh,Disney,1265,5/14/2018,1.37,2,0.14,0.22,3.73
Misión Planetaria de Buzz Lightyear,Disney,37,5/13/2019,0.96,2,0.21,0.56,3.73
Maceta de Isabela,Disney,641,7/8/2018,1.3,0.77,1.54,0.11,3.72
Aventura Campestre,Disney,37,12/10/2017,1.93,1.58,0,0.19,3.71
Castillo del Rey Magnifico,Disney,613,7/17/2017,1.49,0.73,1.38,0.1,3.7
Llavero de Ana LEGO l Disney Frozen 2,Disney,,1/21/2019,0.58,2.48,0.04,0.59,3.7
Chip y Chop,Disney,226,6/11/2017,1.59,1.61,0.08,0.41,3.69
Pata Daisy,Disney,110,10/11/2019,1.3,1.51,0.27,0.61,3.69
Stitch,Disney,152,4/13/2019,2.13,1.18,0.01,0.35,3.67
Llavero de la Pata Daisy,Disney,,8/20/2018,0,0,3.67,0,3.67
Cabaña de Asha,Disney,509,4/15/2017,1.65,1.22,0,0.79,3.66
Mickey Mouse y Minie Mouse: Caja de Proyectos de Vuelta al Cole,Disney,669,3/21/2017,1.87,1.13,0.55,0.1,3.65
Marco de Fotos y Joyero de Mirabel,Disney,334,9/23/2019,2.53,0.81,0.06,0.24,3.65
Frozen: Castillo de Hielo,Disney,59,3/22/2018,2.33,0.97,0,0.35,3.65
Goofy y Pluto,Disney,214,1/6/2019,2.08,1.09,0.15,0.33,3.64
Mickey y sus Amigos: Defensores del Castillo,Disney,215,12/20/2017,0.71,1.8,0.4,0.74,3.64
Mickey y sus Amigos: Megapack de Pulseras,DOTS,349,8/25/2017,2.23,0.68,0.66,0.06,3.63
Megapack de Diseño de Pulseras,DOTS,388,10/28/2019,0.05,0,0.64,2.93,3.63
Pack de Accesorios: Hogwarts,DOTS,234,4/27/2019,0.6,2.46,0.05,0.52,3.63
Kit de Herramientas de Diseño: Patrones,DOTS,1096,11/8/2018,1.78,1.42,0.05,0.38,3.63
Bandeja Osito Panda,DOTS,517,6/9/2018,2.08,0.83,0.46,0.25,3.62
Cajón Animales Creativos,DOTS,643,2/21/2017,2.05,1.4,0,0.16,3.61
DOTS a Montones: Letras,DOTS,722,12/8/2018,2.02,1.17,0,0.42,3.61
Megapack de Parches Adhesivos,DOTS,486,5/6/2017,1.93,1.22,0.03,0.44,3.61
Kit de Escritorio: Hogwarts,DOTS,856,3/20/2019,1.61,1.5,0.1,0.39,3.61
Mickey Mouse y Minie Mouse: Parche para Coser,DOTS,95,7/26/2018,1.28,1.61,0.15,0.57,3.61
Kit de Fiesta Definitivo,DOTS,1154,9/6/2019,2.38,0.67,0.46,0.1,3.6
Portalápices Plátano Adorable,DOTS,438,12/24/2017,2.18,1.02,0.03,0.37,3.59
Mickey Mouse y Minie Mouse: Caja de Proyectos de Vuelta al Cole,DOTS,669,7/5/2017,2.01,1.35,0.06,0.16,3.58
Pulsera Mis Mascotas,DOTS,37,4/8/2018,1.57,1.79,0,0.2,3.56
Pulsera Unicornios Eternos,DOTS,37,1/7/2018,1.66,1.58,0.12,0.18,3.54
Caja Grande,DOTS,479,12/8/2019,1.23,1.77,0.05,0.49,3.54
Rótulo,DOTS,531,7/13/2018,1.56,1.4,0.07,0.5,3.54
DOTS Extra: Edición 8 (Brillos y Destellos),DOTS,115,8/9/2017,1.9,1.13,0.1,0.41,3.53
Portalápices Hedwig,DOTS,518,11/7/2017,1.98,1.14,0.01,0.41,3.53
Caja del Corazón,DUPLO,80,7/7/2019,0.71,2.4,0.02,0.4,3.53
Caja de Ladrillos Deluxe,DUPLO,85,10/3/2019,2.14,1.08,0.02,0.29,3.53
Caja de Ladrillos,DUPLO,65,2/23/2018,2.14,1.21,0.01,0.17,3.52
Parque de Atracciones,DUPLO,95,6/22/2017,1.96,1.33,0,0.23,3.52
Camión y Excavadora con Orugas,DUPLO,20,11/27/2018,2.66,0.5,0.05,0.3,3.52
Buldócer,DUPLO,10,5/18/2019,1.22,1.66,0.27,0.38,3.52
Tren de los Números: Aprende a Contar,DUPLO,23,6/26/2019,1.17,0.5,1.75,0.08,3.51
Momentos de Construcción Creativa,DUPLO,120,3/12/2019,2.11,0.94,0.12,0.34,3.51
Tren de vapor,DUPLO,59,6/2/2017,1.64,0.38,1.42,0.06,3.5
Tren de Cumpleaños de Mickey y Minie,DUPLO,22,2/11/2017,0.59,1.83,0.73,0.35,3.5
Frozen: Castillo de Hielo,DUPLO,59,1/24/2017,2.2,0.97,0.02,0.31,3.5
Casa Familiar ,DUPLO,218,8/21/2017,2.84,0.39,0.03,0.24,3.5
Castillo Mágico ,DUPLO,160,4/25/2019,1.94,1.22,0.02,0.31,3.49
Tren de mercancias,DUPLO,105,11/14/2019,2.11,1.01,0.01,0.35,3.48
Tren de los Animales,DUPLO,19,11/21/2017,2.09,1.02,0.04,0.32,3.48
Diversión en el Autolavado con Rayo McQueen y Mate,DUPLO,29,7/2/2018,2.26,0.89,0,0.3,3.46
Cuidado de Animales en la Granja,DUPLO,74,4/20/2018,0.88,1.75,0.1,0.72,3.45
Rutinas Diarias:Hora del Baño,DUPLO,15,1/17/2019,1.55,1.27,0.33,0.29,3.44
Tren de los Animales,DUPLO,15,7/7/2019,2.39,0.73,0.03,0.29,3.44
Casa de Pan de Jengibre de Papá Noel,DUPLO,50,12/1/2018,0,0,3.44,0,3.44
Aventura en Lanzadera Espacial ,DUPLO,58,12/16/2019,1.34,1.54,0.17,0.38,3.43
Puente y vias ferroviarias,DUPLO,26,3/22/2018,0.86,0,2.55,0.02,3.42
Spider-Man y sus Amigos: Aventura en la Feria,DUPLO,41,8/4/2018,1.13,2.07,0,0.22,3.42
Mack en las Carreras,DUPLO,14,2/2/2019,1.82,1.07,0.06,0.47,3.42
Visita al Centro Veterinario,DUPLO,28,5/12/2018,1.73,0.69,0.59,0.4,3.41
Camión del Alfabeto,DUPLO,36,6/24/2018,1.75,1.2,0.02,0.43,3.41
Gente Construible con Grandes Emociones,DUPLO,71,7/22/2019,0.46,2.28,0.05,0.61,3.4
Rutinas Diarias:Comer y Dormir,DUPLO,28,10/17/2018,1.56,1.47,0.19,0.17,3.39
Cuidado de Abejas y Colmenas,DUPLO,22,2/3/2017,2.03,1.03,0,0.32,3.38
Grandes Sentimientos y Emociones,DUPLO,23,6/16/2017,1.43,0.94,0.74,0.27,3.38
Elsa y Bruni en el Bosque Encantado,DUPLO,31,8/15/2017,1.08,1.35,0.48,0.47,3.38
Guarderia de Dinosaurios,DUPLO,27,10/14/2017,2.47,0.76,0,0.13,3.36
Aparcamiento y Autolavado,DUPLO,112,1/28/2018,1.9,0.67,0.73,0.06,3.36
Casa de Spider-Man,DUPLO,25,1/4/2019,0.65,1.61,0.82,0.28,3.36
Casa del Arbol ,DUPLO,126,9/9/2019,1.63,1.53,0,0.18,3.34
Fauna Salvaje de Sudamérica,DUPLO,71,5/24/2019,1.9,1.14,0.01,0.29,3.34
Misión Planetaria de Buzz Lightyear,DUPLO,37,8/13/2018,1.45,1.29,0.12,0.46,3.33
Ciudad Alfabeto,DUPLO,87,5/7/2017,1.44,1.01,0.57,0.3,3.33
Granja y Animales,DUPLO,11,10/20/2018,0,0.99,2.32,0.02,3.33
Obra,DUPLO,61,11/26/2019,1.47,1.39,0.03,0.43,3.32
Salón de Baile de Bella,DUPLO,23,2/14/2017,1.15,1.17,0.76,0.24,3.32
Base de Construcción Verde LEGO DUPLO,DUPLO,1,4/22/2018,1.99,1.05,0.05,0.22,3.31
Camión de Reciclaje,DUPLO,15,3/2/2018,1.5,1.28,0.05,0.46,3.28
Huerto Orgánico,DUPLO,43,8/24/2017,2.13,0.92,0,0.23,3.28
Mis Primeros Cachorrito y Gatito con Sonidos,DUPLO,22,12/19/2017,0.8,1.92,0.06,0.5,3.28
Gran Parque de Juegos,DUPLO,75,7/8/2019,1.89,1.05,0.02,0.31,3.27
Mercado Orgánico,DUPLO,40,4/14/2019,1.36,1.13,0.46,0.32,3.27
Paseo en Autobús,DUPLO,16,11/10/2018,0.5,1.59,0.31,0.87,3.27
Camión de Bomberos,DUPLO,21,9/8/2017,0.25,0.19,2.78,0.04,3.26
Fauna Salvaje del Mundo,DUPLO,142,11/10/2017,0.95,1.3,0.77,0.22,3.24
Aerogenerador y Coche Electrico,DUPLO,16,1/12/2019,1.27,1.33,0.12,0.51,3.23
Diversión en el Baño: Panda Rojo Flotante,DUPLO,5,7/15/2018,0.88,2.11,0,0.23,3.23
Tractor de Frutas y Verduras,DUPLO,19,4/18/2018,0.03,0,3.18,0,3.22
Diversión en el Baño: Tren de los Animales Flotante,DUPLO,14,1/22/2018,2.33,0.3,0,0.59,3.22
Vias ferroviarias,DUPLO,23,2/2/2017,1.72,1.33,0,0.16,3.21
Aventura Campestre,DUPLO,37,6/22/2017,0.73,0.1,2.35,0.02,3.2
Diversión en el Baño: Isla de los Animales Flotante,DUPLO,20,4/27/2017,2.26,0.72,0.12,0.1,3.2
Aprende sobre la Cultura China,DUPLO,124,11/24/2019,1.76,1.21,0.07,0.16,3.2
Parque de Bomberos y Helicóptero,DUPLO,117,8/2/2019,0,0,3.19,0,3.19
Parque Acuático,DUPLO,19,8/15/2017,1.35,0.6,0.8,0.44,3.19
Fauna Salvaje de Asia,DUPLO,116,4/8/2019,1.48,1.01,0.04,0.66,3.19
Vida en la Guarderia,DUPLO,67,2/14/2017,2.15,0.77,0.01,0.26,3.19
Casa Familiar con Ruedas,DUPLO,31,10/24/2017,1.78,1.12,0.09,0.19,3.18
Planta de Zanahoria,DUPLO,11,2/28/2019,1.18,0.87,0.93,0.2,3.18
Comisaria de Policia y Helicóptero,DUPLO,40,2/26/2018,2.06,0.56,0.38,0.17,3.17
Fauna Salvaje del Océano,DUPLO,32,8/26/2018,0.58,0.51,1.93,0.14,3.17
Fauna Salvaje de Africa,DUPLO,10,5/18/2018,1.52,1.08,0.1,0.47,3.17
Visita Médica,DUPLO,34,12/20/2018,1.88,0.98,0,0.3,3.16
Fauna Salvaje de Europa,DUPLO,85,12/6/2019,1.92,0.16,0.99,0.09,3.15
Moto de Policia,DUPLO,5,3/2/2018,1.22,1.57,0.06,0.29,3.15
Misión de la Lanzadera Espacial,DUPLO,23,7/18/2019,1.79,1.06,0,0.29,3.15
Jardi­n Botánico,Friends,1072,7/4/2017,0.88,0.97,0.88,0.42,3.15
Mansión Moderna de Andrea,Friends,2275,6/22/2017,1.89,0.99,0.03,0.24,3.15
Floristeria y Tienda de Diseño del Centro,Friends,2010,2/24/2019,0.68,0,0,2.46,3.14
Casas Familiares de Olly y Paisley,Friends,1126,3/20/2017,1.7,1.25,0.02,0.16,3.13
Escuela de Arte de Emma,Friends,844,11/18/2017,0.08,0,3.03,0.01,3.12
Edificio de la Calle Principal,Friends,1682,12/5/2018,2.14,0.86,0,0.13,3.12
Casita con Ruedas,Friends,785,4/10/2019,2.31,0.62,0.14,0.04,3.12
Centro Comercial de Heartlake City,Friends,1237,6/16/2018,0.91,1,1.03,0.17,3.12
Hospital de Heartlake City,Friends,1045,7/5/2018,1.69,0.87,0.14,0.42,3.12
Centro Comunitario de Heartlake City,Friends,1513,4/6/2017,1.29,1.27,0.06,0.5,3.12
Cocina Comunitaria de Heartlake City,Friends,695,7/10/2019,1.99,0.82,0.03,0.27,3.11
Restaurante Clásico de Heartlake,Friends,346,2/17/2019,0.78,2.02,0,0.3,3.11
Supermercado Orgánico,Friends,830,10/12/2017,2.17,0.28,0.55,0.08,3.09
Coche Electrico de Olivia,Friends,183,4/16/2018,1.92,0.45,0.64,0.07,3.08
Tienda de Dónuts,Friends,63,10/11/2019,2.5,0.16,0.01,0.42,3.08
Academia Espacial de Olivia,Friends,757,12/18/2019,1.57,0.62,0.55,0.34,3.07
Vehi­culo de Salvamento de Tortugas,Friends,90,6/15/2019,1.72,1.21,0,0.14,3.07
Calendario de Adviento 2023 LEGO Friends,Friends,231,3/17/2018,1.89,0.91,0.04,0.24,3.07
Escuela Internacional de Heartlake,Friends,985,2/2/2017,1.94,0.86,0.03,0.24,3.07
Boutique de Moda Móvil,Friends,94,9/13/2018,1.4,0.99,0.46,0.22,3.07
Casa de Paisley,Friends,185,2/17/2017,1.91,0.84,0,0.29,3.05
Puesto Móvil de Té de Burbujas,Friends,109,8/26/2019,2.06,0.64,0.12,0.22,3.04
Peluqueria,Friends,401,7/6/2017,1.38,1.35,0.02,0.28,3.04
Aventura en el Iglú,Friends,491,10/20/2018,1.54,1.33,0,0.16,3.03
Autobusde Heartlake City,Friends,480,9/16/2017,1.94,0.8,0.02,0.27,3.03
Base Espacial de Marte y Cohete,Friends,981,6/3/2018,2.03,0.47,0.45,0.07,3.02
Pasteleria Móvil,Friends,125,7/27/2018,1.85,1.04,0,0.13,3.02
Autobusde Gran Gira Musical,Friends,845,5/27/2018,1.45,1.13,0.07,0.38,3.02
Espectáculo de Talentos Musicales de Heartlake City,Friends,669,12/22/2018,1.4,1.07,0.08,0.47,3.02
Bosque: Cascada,Friends,93,3/17/2019,1.15,0,0.76,1.09,3
Fiesta Musical de Karaoke,Friends,196,12/23/2017,2.6,0.21,0.01,0.19,3
Albergue de Animales de Granja,Friends,489,1/3/2018,2.38,0.32,0,0.31,3
Vehi­culo de Observación de Estrellas,Friends,364,10/8/2019,1.61,0.51,0.8,0.07,2.99
Aventura en el Parque Felino,Friends,87,4/19/2019,1.67,1.18,0,0.13,2.99
Escuela de Teatro de Andrea,Friends,1154,12/11/2017,1.36,0.86,0.64,0.13,2.99
Tienda de Moda Retro,Friends,409,12/12/2018,0.12,1.26,1.16,0.45,2.99
Coche Electrico y Cargador,Friends,170,4/2/2019,1.01,1.41,0.05,0.53,2.99
Parque para Hámsters,Friends,167,5/10/2017,0.47,1,1.39,0.12,2.98
Ambulancia del Hospital de Heartlake City,Friends,344,4/16/2017,1.33,1.12,0.08,0.45,2.97
Hotel Felino,Friends,445,7/13/2017,1.58,1.01,0,0.38,2.97
Puesto de Tortitas,Friends,157,8/7/2019,0.96,1.72,0,0.29,2.97
Casa del Arbol de la Amistad,Friends,1114,2/24/2018,1.36,1.15,0.04,0.41,2.96
Camión de Perritos Calientes,Friends,100,2/20/2019,1.04,1.37,0.06,0.49,2.96
Minitienda de Accesorios,Friends,129,8/26/2018,1.57,0.04,1.19,0.15,2.96
Parque de Atracciones en la Playa,Friends,1348,2/6/2017,1.82,0.71,0.15,0.26,2.95
Centro de Dia para Mascotas,Friends,593,11/22/2019,1.98,0.58,0.34,0.04,2.94
Camión de los Helados,Friends,84,9/25/2018,2.07,0.77,0.05,0.05,2.94
Divertido Buggy Playero,Friends,61,1/26/2018,2.22,0.51,0.06,0.15,2.94
Habitación de Nova,Friends,179,4/25/2017,1.45,1.11,0.04,0.33,2.94
Casa de Autumn,Friends,853,9/20/2017,1.76,0.69,0.12,0.37,2.94
Habitación de Lian,Friends,204,3/24/2017,1.83,0.8,0.03,0.27,2.93
Pista de Esqui­ y Cafeteria,Friends,980,11/12/2018,0.87,1.06,0.73,0.26,2.92
Parque Acuático,Friends,373,5/14/2019,1.75,0.45,0.62,0.09,2.91
Bici de Rescate Canino,Friends,125,7/3/2019,1.43,1.13,0.05,0.3,2.91
Granja Orgánica,Friends,826,6/26/2018,0.08,1.24,1.13,0.45,2.9
Vehi­culo de Plantación de Arboles,Friends,336,11/13/2017,1.54,1.14,0,0.22,2.9
Excursión de Vacaciones,Friends,87,1/5/2019,1.75,0.86,0,0.28,2.9
Habitación de Leo,Friends,203,7/21/2017,0.61,1.85,0.11,0.33,2.9
Pizzeria de Heartlake City,Friends,144,10/15/2017,1.84,0.8,0.04,0.22,2.9
Salón Recreativo Roller Disco,Friends,642,10/5/2019,0.99,0.32,1.38,0.2,2.89
Unidad Móvil de Noticias,Friends,446,3/18/2018,1.51,1.12,0.01,0.24,2.89
Centro de Rescate Canino,Friends,617,12/17/2018,0.71,1.51,0.06,0.61,2.89
Cobertizo del Ternero de Autumn,Friends,79,9/28/2018,2.03,0.72,0.02,0.11,2.88
Dia de Adopción de Mascotas,Friends,400,1/12/2017,1.3,1.27,0,0.31,2.88
Remolque para Caballo y Poni,Friends,105,4/20/2019,1.54,1.07,0,0.28,2.88
Avión de Rescate Mari­timo,Friends,203,6/25/2018,0.09,2.43,0.12,0.22,2.87
Camión de Reciclaje,Friends,259,3/22/2019,2.09,0.63,0.03,0.11,2.86
Barco de Rescate Mari­timo,Friends,717,6/14/2017,2.53,0.16,0,0.17,2.86
Aventura Marinera de Stephanie,Friends,304,7/1/2019,1.87,0.77,0,0.22,2.86
Centro Deportivo,Friends,832,7/25/2017,1.37,0.51,0.89,0.07,2.85
Cli­nica Veterinaria de Animales de Granja,Friends,161,8/17/2018,1.37,1.34,0,0.14,2.85
Parque de Skate,Friends,431,12/2/2019,1.29,0.53,0.98,0.05,2.85
Clase de Equitación,Friends,134,8/16/2019,1.98,0.55,0,0.32,2.85
Habitación de Aliya,Friends,209,11/13/2018,1.4,1.14,0,0.31,2.85
Furgoneta de Rescate Canino,Friends,300,2/26/2019,0.4,1.98,0.05,0.42,2.85
Establo de Autumn,Friends,545,5/1/2017,1.87,0.57,0.11,0.3,2.84
Estación de Lavado de Ponis,Friends,60,3/18/2018,1.32,1.08,0.04,0.39,2.83
Centro de Rescate Mari­timo,Friends,376,1/11/2017,1.65,0.86,0.05,0.28,2.83
Rescate de la Fauna Salvaje de Mia,Friends,430,5/9/2019,2.52,0.09,0,0.22,2.83
Glamping en la Playa,Friends,380,3/14/2018,1.28,1.05,0.07,0.43,2.83
Cafeteria de Adopción de Mascotas,Friends,292,10/10/2018,1.96,0.67,0.1,0.09,2.82
Remolque de Exhibición Equina,Friends,989,10/13/2017,1.59,1.05,0.04,0.14,2.82
Banco Mágico Gringotts: Edición para Coleccionistas,Harry Potter,4801,8/10/2018,0.02,2.79,0,0,2.81
Castillo de Hogwarts,Harry Potter,6020,5/10/2018,1.32,1.19,0,0.3,2.81
Castillo y Terrenos de Hogwarts,Harry Potter,2660,5/13/2018,1.05,1.25,0.03,0.48,2.81
Callejón Diagon,Harry Potter,5544,4/22/2017,1.32,1.06,0.04,0.38,2.8
Dobby el Elfo Doméstico,Harry Potter,403,8/27/2019,1.47,0.07,1.1,0.15,2.8
Iconos de Hogwarts: Edición para Coleccionistas,Harry Potter,3010,2/9/2019,1.74,0.8,0,0.26,2.8
Dragón Colacuerno Húngaro,Harry Potter,671,4/4/2019,0,0,2.78,0.01,2.79
Expreso de Hogwarts: Edición para Coleccionistas,Harry Potter,5129,7/1/2017,1.98,0.7,0,0.11,2.79
Batalla de Hogwarts,Harry Potter,730,1/26/2017,0.29,0.2,2.13,0.18,2.79
Expecto Patronum,Harry Potter,754,11/11/2017,1.96,0.72,0,0.11,2.79
Ministerio de Magia,Harry Potter,990,11/12/2019,1.19,1.15,0.04,0.41,2.79
Ford Anglia Volador,Harry Potter,165,8/26/2017,2.19,0.22,0,0.38,2.79
Hogwarts: Sala de los Menesteres,Harry Potter,587,6/18/2017,0.3,1.47,0.68,0.34,2.79
Hogwarts: Cámara Secreta,Harry Potter,1176,7/21/2018,1.45,0.88,0.09,0.38,2.79
Cabaña de Hagrid: Una Visita Inesperada,Harry Potter,896,4/23/2018,0.89,1.43,0,0.48,2.79
Callejón Diagon: Sortilegios Weasley,Harry Potter,834,9/18/2017,0.46,0.29,1.96,0.07,2.79
Ala de Enfermeria de Hogwarts,Harry Potter,510,6/9/2018,1.68,0.74,0,0.36,2.78
Torneo de los Tres Magos: El Lago Negro,Harry Potter,349,2/26/2019,1.44,0.83,0.26,0.25,2.78
Llavero de Hermione,Harry Potter,,10/19/2017,1.2,0.98,0.17,0.43,2.78
Lechuceria del Castillo de Hogwarts,Harry Potter,364,2/9/2017,1.27,0.97,0.07,0.47,2.78
Patio de Hogwarts: Rescate de Sirius,Harry Potter,345,2/10/2018,1.41,1.12,0,0.24,2.77
Estandarte de la Casa Slytherin,Harry Potter,349,4/7/2019,1.24,1.2,0.04,0.3,2.77
Visita a la Aldea de Hogsmeade,Harry Potter,851,3/8/2018,1.25,1.15,0.07,0.3,2.77
Harry Potter y Cho Chang,Harry Potter,267,11/4/2019,2.56,0.17,0,0.03,2.76
Bosque Prohibido: Criaturas Mágicas,Harry Potter,172,7/17/2019,1.43,0.54,0.71,0.07,2.75
Tren Hogwarts Express con estación de Hogsmeade,Harry Potter,1074,9/28/2018,1.07,1.31,0.06,0.31,2.74
Hogwarts: Despacho de Dumbledore,Harry Potter,654,11/1/2018,1.33,0.31,1.04,0.05,2.73
Casa de los Gritos y Sauce Boxeador,Harry Potter,777,10/8/2017,1.02,0.36,1.13,0.23,2.73
Baúl de Quidditch,Harry Potter,599,1/15/2019,1.52,0.94,0.02,0.24,2.72
Cobertizo del Castillo de Hogwarts,Harry Potter,350,12/2/2018,1.49,0.93,0.02,0.27,2.71
Número 12 de Grimmauld Place,Harry Potter,1083,1/15/2019,1.25,0.53,0.87,0.05,2.7
Torre de Astronomia de Hogwarts,Harry Potter,971,11/24/2018,0.99,0.48,1.09,0.14,2.7
Baúl Mágico de Hogwarts,Harry Potter,603,4/8/2019,1.75,0.52,0.33,0.1,2.7
LEGO Harry Potter: Calendario de Adviento 2023,Harry Potter,227,7/13/2019,1.47,0.76,0,0.47,2.7
Carruaje y Thestrals de Hogwarts,Harry Potter,121,4/2/2019,1.85,0.64,0.01,0.19,2.69
Hedwig en el Número 4 de Privet Drive,Harry Potter,337,10/18/2019,2.38,0.12,0,0.18,2.69
Estandarte de la Casa Gryffindor,Harry Potter,285,7/16/2018,1.63,0.52,0.35,0.18,2.69
Llavero de Voldemort,Harry Potter,,3/21/2018,2.42,0.11,0,0.16,2.69
Número 4 de Privet Drive,Harry Potter,797,6/13/2017,1.23,1.11,0,0.34,2.68
Pack de Accesorios: Hogwarts,Harry Potter,234,1/25/2017,0.69,1.41,0.04,0.53,2.68
Profesores de Hogwarts,Harry Potter,601,5/24/2017,1.46,0.98,0,0.24,2.68
Llavero de Dumbledore,Harry Potter,,8/26/2017,0.78,0.75,0.89,0.26,2.68
Draco Malfoy y Cedric Diggory,Harry Potter,262,9/18/2019,0,0,2.68,0,2.68
Kit de Escritorio: Hogwarts,Harry Potter,856,2/17/2017,1.95,0.63,0,0.09,2.67
Kingsley Shacklebolt y Nymphadora Tonks,Harry Potter,250,12/11/2017,1.44,1.09,0,0.14,2.67
Llavero de Harry Potter,Harry Potter,,11/20/2019,1.48,0.92,0.01,0.26,2.67
Hogwarts: Fallo de la Poción Multijugos,Harry Potter,217,6/24/2018,1.78,0.64,0,0.25,2.67
Estandarte de la Casa Hufflepuff,Harry Potter,313,1/16/2019,1.99,0.58,0,0.09,2.66
Hedwig,Harry Potter,630,5/5/2017,0,0,2.65,0,2.65
Estandarte de la Casa Ravenclaw,Harry Potter,305,12/4/2017,2,0.5,0.12,0.03,2.65
Portalápices Hedwig,Harry Potter,518,7/18/2018,1.15,1.11,0,0.4,2.65
Llavero de Ron,Harry Potter,,6/14/2018,1.59,0.8,0,0.26,2.65
Cámara Polaroid OneStep SX-70,Ideas,516,6/28/2019,0.86,1.11,0.01,0.66,2.65
Tren Orient Express,Ideas,2540,8/11/2017,1.56,0.88,0,0.22,2.65
The Office,Ideas,1164,1/8/2018,1.53,0.87,0,0.24,2.64
Vincent van Gogh: La Noche Estrellada,Ideas,2316,12/1/2019,2,0.47,0.02,0.14,2.63
LEGO Ideas: Home Alone,Ideas,3955,8/7/2019,0.76,1.1,0.12,0.65,2.63
Historias de la Era Espacial,Ideas,688,11/24/2018,1.53,0.82,0.04,0.24,2.63
Colección de Insectos,Ideas,1111,1/9/2017,1.7,0.46,0.06,0.41,2.63
Disney El Retorno de las Brujas: Cabaña de las Hermanas Sanderson,Ideas,2316,9/16/2017,2.15,0.12,0,0.36,2.62
Globo Terráqueo,Ideas,2585,6/15/2017,1.07,1.06,0.24,0.25,2.62
Cabaña en A,Ideas,2082,2/13/2017,0.59,1.79,0.01,0.23,2.62
BTS Dynamite,Ideas,749,8/24/2019,1.55,0.81,0.04,0.21,2.62
Cuarteto de Jazz,Ideas,1606,12/2/2017,2.31,0.14,0.01,0.16,2.62
Casa del Arbol,Ideas,3036,4/5/2019,0.9,1.22,0.04,0.44,2.61
LEGO Ideas: Fender Stratocaster,Ideas,1074,3/14/2019,0.63,0.84,0.96,0.19,2.61
Máquina de Escribir,Ideas,2079,10/2/2019,1.86,0.55,0.11,0.08,2.6
Poblado Vikingo,Ideas,2103,4/1/2018,1.02,0.52,0.92,0.14,2.6
Piano de Cola,Ideas,3662,3/1/2018,2.03,0.21,0,0.35,2.59
Faro Motorizado,Ideas,2065,11/12/2018,0.93,1.12,0.08,0.45,2.59
Sonic the Hedgehog  Green Hill Zone,Ideas,1125,8/1/2018,0.48,1.63,0.04,0.43,2.59
Futboli­n,Ideas,2339,6/6/2018,1.4,0.88,0.03,0.26,2.58
Winie the Pooh,Ideas,1265,11/18/2017,0.37,0.27,1.75,0.18,2.58
Herreria Medieval,Ideas,2164,5/20/2017,0.64,1.24,0.01,0.69,2.58
Arbol de la Familia,Ideas,1040,1/4/2018,1.04,1.24,0.03,0.27,2.58
Fósiles de Dinosaurio: Cráneo de T. rex,Jurassic World,577,6/22/2019,0.89,1.33,0.07,0.28,2.58
Fuga del T. rex,Jurassic World,1212,3/2/2019,1.31,0.74,0.31,0.22,2.57
Centro de Rescate de Crias de Dinosaurio,Jurassic World,139,12/5/2018,2.14,0.08,0,0.35,2.57
Descubrimiento del Braquiosaurio,Jurassic World,512,1/9/2017,1.76,0.56,0.03,0.22,2.57
Emboscada al Dilofosaurio,Jurassic World,211,8/1/2018,0.28,1.68,0.33,0.28,2.57
Análisis del Triceratops,Jurassic World,281,8/14/2017,0.15,0,2.41,0,2.56
Huida del Velocirraptor,Jurassic World,137,9/28/2019,1.7,0.59,0.21,0.07,2.56
Persecución en Moto del Dinosaurio Atrocirraptor,Jurassic World,169,3/16/2017,2.11,0.23,0,0.22,2.56
Centro de Visitantes: T. rex y Ataque del Raptor,Jurassic World,693,10/24/2019,1.21,0.57,0.7,0.07,2.54
Ataque del Giganotosaurio y el Therizinosaurio,Jurassic World,810,8/27/2019,1.13,0.87,0.29,0.25,2.54
Fuga de los Dinosaurios T. rex y Atrocirraptor,Jurassic World,466,5/23/2018,2.21,0.12,0,0.2,2.54
Emboscada en Furgoneta del Triceratops,Jurassic World,210,1/25/2018,0.49,0,0.52,1.51,2.52
Fuga del Dinosaurio T. rex,Jurassic World,140,2/18/2019,1.55,0.75,0.16,0.06,2.52
Captura de los Velocirraptores Blue y Beta,Jurassic World,181,5/16/2019,1.13,1.12,0.06,0.22,2.52
Emboscada Aérea del Quetzalcoatlus,Jurassic World,306,12/7/2017,1.5,0.78,0,0.24,2.52
Transporte del Pyrorraptor y el Dilofosaurio,Jurassic World,254,12/23/2019,0.6,1.31,0.08,0.52,2.51
Caza del Pteranodon,Jurassic World,94,7/13/2018,1.28,0.14,1.08,0.01,2.5
MiniNook y casa de Minina,LEGO Animal Crossing,535,6/4/2017,2.29,0.02,0,0.19,2.5
La visita de Canela,LEGO Animal Crossing,389,9/26/2017,0.13,0.07,0.26,2.05,2.5
Paseo en barca con el Capitán,LEGO Animal Crossing,233,12/4/2018,1.81,0.52,0,0.15,2.49
Fiesta de cumpleaños de Azulino,LEGO Animal Crossing,170,7/24/2019,1.84,0.56,0,0.09,2.49
Bunie's Outdoor Activities,LEGO Animal Crossing,164,11/13/2019,1.29,0.97,0,0.23,2.49
Hokusai: La Gran Ola,LEGO Art,1810,1/24/2018,0.86,1.06,0.18,0.39,2.49
El Increi­ble Spider-Man,LEGO Art,2099,10/17/2017,1.15,1.14,0.06,0.13,2.48
Arte Floral,LEGO Art,2870,5/23/2017,1.15,0.85,0.1,0.39,2.48
Colección Fauna: Guacamayos,LEGO Art,644,3/2/2018,1.38,0.85,0,0.25,2.48
The Rolling Stones,LEGO Art,1998,9/17/2018,1.72,0.44,0.05,0.27,2.48
Arte Moderno,LEGO Art,805,6/3/2018,1.13,0.36,0.92,0.07,2.47
Jim Lee: Colección de Batman,LEGO Art,4167,8/6/2017,2.1,0.2,0,0.17,2.47
Mapamundi,LEGO Art,11695,9/18/2019,1.67,0.58,0,0.2,2.46
Toruk Makto y Arbol de las Almas,LEGO Avatar,1212,8/11/2017,0,0,2.43,0.02,2.45
Montañas Flotantes: Sector 26 y Samson de la RDA,LEGO Avatar,887,2/27/2019,0.93,0.12,1.34,0.06,2.45
Primer Vuelo en Banshee de Jake y Neytiri,LEGO Avatar,572,5/7/2019,1.55,0.54,0.05,0.31,2.45
Neytiri y Thanator vs. Quaritch con Armadura AMP,LEGO Avatar,560,2/22/2017,2.12,0.25,0,0.07,2.44
Descubrimiento del Ilu,LEGO Avatar,179,1/3/2019,0.87,0.98,0,0.59,2.44
Aventura en Skimwing,LEGO Avatar,259,6/8/2018,1.44,0.73,0.04,0.22,2.44
Submarino Mako,LEGO Avatar,553,12/1/2018,1.52,0.82,0,0.1,2.43
Jake Sully y su Avatar,LEGO Avatar,246,11/17/2018,1.07,1.19,0,0.18,2.43
Payakan el Tulkun y Crabsuit,LEGO Avatar,761,5/11/2019,1.27,0.32,0.78,0.05,2.42
Hogar en el Arrecife de los Metkayina,LEGO Avatar,528,7/8/2019,1.26,0.61,0.46,0.08,2.42
Navetiburón de las Pesadillas,LEGO DREAMZzz,1389,3/13/2017,1.56,0.61,0.02,0.23,2.42
Aldea de los Sueños,LEGO DREAMZzz,434,12/11/2019,0.29,1.18,0.54,0.41,2.42
Furgoneta-Tortuga de la Sra. Castillo,LEGO DREAMZzz,434,11/14/2017,0.81,0.76,0.7,0.14,2.41
Globo-Narval de Izzie,LEGO DREAMZzz,156,2/26/2019,2.07,0.26,0,0.08,2.41
Mateo y Z-Blob Robot,LEGO DREAMZzz,237,4/1/2017,1.63,0.22,0.51,0.06,2.41
Coche Todoterreno de Mateo,LEGO DREAMZzz,94,9/23/2018,0.69,0,0.04,1.68,2.41
Torre del Sandman,LEGO DREAMZzz,723,10/6/2017,1.43,0.76,0,0.22,2.41
Coche Espacial del Sr. Oz,LEGO DREAMZzz,350,2/24/2017,0.77,0.18,1.42,0.03,2.4
Zoey y Zian el Gato-Búho,LEGO DREAMZzz,437,8/22/2018,2.1,0.24,0,0.07,2.4
Casa del Arbol Fantástica,LEGO DREAMZzz,1257,5/13/2018,2.3,0.1,0,0,2.4
AutobusEspacial del Sr. Oz,LEGO DREAMZzz,878,4/15/2019,2.07,0.08,0,0.26,2.4
Coche-Cocodrilo,LEGO DREAMZzz,494,12/12/2018,1.49,0.81,0,0.1,2.39
Monstruo de la Jaula,LEGO DREAMZzz,274,9/7/2017,1.74,0.48,0,0.18,2.39
Caballo Volador Pegaso,LEGO DREAMZzz,482,5/6/2017,1.48,0.71,0,0.2,2.39
Izzie y el Conejo Bunchu,LEGO DREAMZzz,259,10/10/2019,1.07,0.87,0.04,0.4,2.39
Establo de Criaturas de los Sueños,LEGO DREAMZzz,681,1/22/2018,0.49,1.49,0.05,0.36,2.39
Pack del Mundo Sueños,LEGO DREAMZzz,,11/27/2018,1.94,0.39,0.03,0.02,2.38
Pack de Criaturas Mi­ticas,LEGO DREAMZzz,,11/10/2017,1.16,0.91,0,0.3,2.38
Ramo de Rosas,LEGO Icons,822,1/26/2018,1.67,0.61,0.03,0.07,2.38
Plantas Diminutas,LEGO Icons,758,4/2/2019,1.02,0.97,0,0.39,2.38
Ramo de Flores Silvestres,LEGO Icons,939,8/4/2019,2.04,0.15,0,0.19,2.38
Bonsái,LEGO Icons,878,3/3/2019,1.73,0.46,0.02,0.18,2.38
Orqui­deas,LEGO Icons,608,7/19/2017,1.46,0.54,0.01,0.37,2.38
Torre Eiffel,LEGO Icons,10001,7/17/2018,1,0.76,0.26,0.36,2.38
LEGO: Titanic,LEGO Icons,9090,4/27/2018,2.28,0.02,0.08,0,2.37
Ramo de Flores,LEGO Icons,756,2/26/2017,0.96,1.08,0.04,0.3,2.37
Museo de Historia Natural,LEGO Icons,4014,12/21/2019,1.25,0.86,0.01,0.26,2.37
Concorde,LEGO Icons,2083,6/27/2017,2.18,0.01,0,0.18,2.37
Máquina de PAC-MAN,LEGO Icons,2651,11/6/2019,2.03,0.13,0,0.21,2.37
Castillo de los Caballeros del León,LEGO Icons,4514,11/19/2018,0.69,0.14,1.48,0.05,2.36
EL SEi‘OR DE LOS ANILLOS: RIVENDEL,LEGO Icons,6167,4/1/2017,1.38,0.74,0.02,0.22,2.36
Corvette,LEGO Icons,1210,7/1/2017,1.39,0.48,0.4,0.08,2.35
Suculentas,LEGO Icons,771,3/21/2017,0,0,2.34,0.01,2.35
Jardi­n Meditativo,LEGO Icons,1363,6/7/2019,1.68,0.46,0.01,0.2,2.35
Chevrolet Camaro Z28,LEGO Icons,1456,2/12/2018,1.07,1.05,0,0.23,2.35
Refugio Alpino,LEGO Icons,1517,7/19/2018,1.08,0.7,0.34,0.21,2.34
Centro de Flores Secas,LEGO Icons,812,6/26/2018,0.92,0,0.01,1.41,2.34
Porsche 911,LEGO Icons,1458,2/17/2019,1.2,0.9,0,0.24,2.34
Máquina del Tiempo de Regreso al Futuro,LEGO Icons,1872,8/8/2019,1.32,0.83,0,0.2,2.34
Montaña Rusa con Rizos,LEGO Icons,3756,10/3/2017,1.27,0.86,0,0.2,2.33
Fortaleza Eldorado,LEGO Icons,2509,7/14/2018,0.79,1.35,0.04,0.14,2.32
Transbordador Espacial Discovery de la NASA,LEGO Icons,2354,4/19/2019,0.78,0.4,1.06,0.07,2.32
Vespa 125,LEGO Icons,1107,3/3/2018,1.57,0.56,0,0.19,2.32
Club de Jazz,LEGO Icons,2899,2/27/2017,1.14,0.54,0.47,0.17,2.32
Atari 2600,LEGO Icons,2532,3/19/2019,1.93,0.14,0,0.24,2.32
Dune: Atreides Royal Ornithopter,LEGO Icons,1369,5/16/2018,0.28,0,2.02,0.01,2.31
Land Rover Classic Defender 90,LEGO Icons,2336,10/26/2018,1.65,0.46,0.1,0.1,2.31
ECTO-1 de los Cazafantasmas,LEGO Icons,2352,5/22/2017,1.58,0.64,0,0.09,2.31
Casa Encantada de la Feria,LEGO Icons,3231,11/18/2019,0.85,1.06,0.09,0.32,2.31
Hotel Boutique,LEGO Icons,3066,9/11/2019,0.52,0.45,1.21,0.13,2.31
Optimus Prime,LEGO Icons,1508,9/20/2017,0.95,0.54,0.62,0.18,2.3
Furgoneta Clásica,LEGO Icons,1677,11/12/2018,0.95,1.06,0,0.29,2.3
Calle Principal en Navidad,LEGO Icons,1514,5/4/2019,1.24,0.85,0,0.21,2.3
Galaxy Explorer,LEGO Icons,1254,10/12/2017,0.91,1.25,0,0.13,2.29
Coliseo,LEGO Icons,9036,8/7/2017,1.08,0.75,0.15,0.31,2.29
Estadio del Real Madrid  Santiago Bernabéu,LEGO Icons,5876,10/3/2017,1.23,0.68,0.04,0.34,2.29
Apartamentos de Friends,LEGO Icons,2048,11/26/2019,0.51,0.12,1.63,0.02,2.28
Ave del Parai­so,LEGO Icons,1173,6/10/2017,0.07,2,0.02,0.18,2.28
Comisaria de Policia,LEGO Icons,2923,2/17/2017,1.38,0.8,0,0.1,2.28
Visita de Papá Noel,LEGO Icons,1445,7/16/2018,0.38,0.07,0.01,1.82,2.28
Huida de la Tumba Perdida,LEGO Indiana Jones,600,9/2/2019,1.01,0.9,0,0.37,2.28
Templo del idolo Dorado,LEGO Indiana Jones,1545,3/11/2019,0.3,1.27,0.46,0.26,2.28
Persecución del Caza,LEGO Indiana Jones,387,3/26/2018,1.05,0.77,0.1,0.36,2.28
La Casa de Muñecas de Gabby,LEGO La Casa de Muñecas de Gabby,498,5/9/2018,1.11,0.98,0,0.2,2.28
Fiesta en el Jardi­n de Hadigata,LEGO La Casa de Muñecas de Gabby,130,8/20/2018,0,0,2.28,0,2.28
Barco y Spa de Gabby y Siregata,LEGO La Casa de Muñecas de Gabby,88,6/21/2019,1.22,0.1,0.91,0.04,2.27
Horno de Muffin,LEGO La Casa de Muñecas de Gabby,58,2/5/2018,1.07,0.92,0.04,0.24,2.27
Planta Piraña,LEGO Super Mario,540,11/27/2018,1.34,0.62,0,0.31,2.27
Nintendo Entertainment System,LEGO Super Mario,2646,6/14/2017,1.12,0.39,0.64,0.12,2.27
El Poderoso Bowser,LEGO Super Mario,2807,2/24/2019,0.9,0.73,0.54,0.09,2.26
Pack Inicial: Aventuras con Mario,LEGO Super Mario,231,8/17/2019,1.4,0.54,0.02,0.3,2.26
Bloque Interrogación de Super Mario 64,LEGO Super Mario,2064,3/27/2017,1.34,0.57,0.14,0.21,2.26
Set de Expansión: Coche monstruoso de Bowser,LEGO Super Mario,458,10/1/2017,1.52,0.46,0.2,0.08,2.25
Set de Expansión: Aventura en la nieve de la familia Pingui,LEGO Super Mario,228,8/2/2018,0.62,0.44,1.06,0.13,2.25
Set de Expansión: Caco Gazapo en la tienda de Toad,LEGO Super Mario,230,3/20/2018,1.48,0.25,0.46,0.06,2.25
Set de Expansión: Huevo de Yoshi en el bosque,LEGO Super Mario,107,5/6/2019,0.51,0.51,0.91,0.32,2.25
Set de Expansión: Dorrie y el buque naufragado,LEGO Super Mario,500,12/12/2017,0.67,0.41,1.05,0.11,2.25
Pack Inicial: Aventuras con Peach,LEGO Super Mario,354,8/19/2017,1.93,0.15,0,0.17,2.25
Set de Expansión:Batalla contra Bowsitos en el castillo,LEGO Super Mario,1321,4/12/2018,0.28,0.79,0.87,0.32,2.25
Set de Expansión: Fortalezas aéreas de Larry y Morton,LEGO Super Mario,1062,4/23/2018,1.19,0.71,0.22,0.13,2.24
Set de Expansión: Cabezazo del Picacóndor,LEGO Super Mario,130,10/22/2019,1.74,0.25,0.21,0.03,2.23
Set de Expansión: Casa del árbol de Donkey Kong,LEGO Super Mario,555,12/16/2019,1.29,0.83,0,0.11,2.23
Set de Expansión: Castillo de Peach,LEGO Super Mario,1216,1/7/2018,1.42,0.61,0,0.21,2.23
Pack Inicial: Aventuras con Luigi,LEGO Super Mario,280,5/15/2017,1.09,0.85,0,0.28,2.23
Set de Expansión: Desafío en las nubes del Gran Spike,LEGO Super Mario,540,7/19/2019,1,0.63,0.45,0.13,2.22
Set de Expansión: Traje de Mario de Hielo y Mundo Helado,LEGO Super Mario,105,4/16/2017,0.88,1.03,0,0.31,2.22
Set de Expansión: Zapato Goomba,LEGO Super Mario,76,2/15/2017,1.71,0.32,0.02,0.18,2.22
Set de Expansión: Casa-regalo de Yoshi,LEGO Super Mario,246,10/10/2018,1.03,0.98,0,0.21,2.22
Set de Expansión: Torre de Hielo y Traje de Peach Felina,LEGO Super Mario,494,4/26/2019,1.27,0.62,0.18,0.16,2.22
Set de Expansión: Gran ola de lava,LEGO Super Mario,218,3/21/2017,1.06,0.82,0.05,0.28,2.21
Set de Expansión: Vagoneta minera de Diddy Kong,LEGO Super Mario,1157,9/7/2018,1.45,0.55,0.02,0.19,2.21
Set de Expansión: Pi­cnic en casa de Mario,LEGO Super Mario,259,12/19/2018,1.47,0.55,0,0.19,2.21
Set de Expansión: Aventura en la nieve de la Morsik,LEGO Super Mario,567,12/25/2019,2.06,0.12,0,0.02,2.2
Set de Expansión: Paseo en globo por el jardi­n de Peach,LEGO Super Mario,453,9/12/2017,0.15,0,2.05,0,2.2
Set de Expansión: Jaleo en la jungla con Dixie Kong,LEGO Super Mario,174,1/14/2019,1.11,0.51,0.34,0.23,2.2
Set de Creación: Caja de herramientas creativas,LEGO Super Mario,588,10/18/2017,2.01,0.02,0,0.17,2.2
Packs de Personajes: Edición 6,LEGO Super Mario,52,7/5/2017,1.06,0.91,0,0.23,2.2
Set de Expansión: Gran Isla del Mal,LEGO Super Mario,354,5/10/2018,1.78,0.24,0,0.18,2.2
EL SEi‘OR DE LOS ANILLOS: RIVENDEL,Lord of the Rings,6167,1/26/2019,1.28,0.68,0.02,0.21,2.2
Aragorn y Arwen,Lord of the Rings,261,7/9/2019,0.87,0.17,1.1,0.05,2.19
Frodo y Gollum,Lord of the Rings,184,7/1/2017,1.04,0.72,0.3,0.13,2.19
Gandalf el Gris y Balrog,Lord of the Rings,348,4/19/2017,1.68,0.44,0,0.08,2.19
Torre de los Vengadores,Marvel,5201,7/20/2019,1.17,0.78,0.02,0.22,2.19
Batalla Final de Spider-Man,Marvel,900,5/4/2018,0.34,0.97,0.55,0.33,2.19
Spiderman vs. Sandman: Batalla Final,Marvel,347,11/15/2017,0.59,1.07,0.07,0.45,2.19
X-Jet de los X-Men,Marvel,359,3/25/2018,0,0,2.17,0.01,2.18
Máscara de Spider-Man,Marvel,487,11/15/2019,1.92,0.2,0,0.06,2.18
Daily Bugle,Marvel,3772,12/22/2018,1.29,0.04,0.73,0.12,2.18
Guantelete del Infinito,Marvel,590,8/3/2018,1.21,0.78,0.01,0.17,2.18
Llavero de Miles Morales,Marvel,,2/17/2019,1.97,0.07,0,0.13,2.18
Escudo del Capitán América,Marvel,3128,6/25/2019,0.48,0.11,1.56,0.02,2.17
Santuario,Marvel,2708,3/9/2017,1.6,0.46,0.08,0.03,2.17
Armadura Robótica de Máquina de Guerra,Marvel,154,7/4/2018,1.48,0.17,0.47,0.06,2.17
Persecución en Moto: Spider-Man vs. Doc Ock,Marvel,77,6/26/2019,1.27,0.68,0.01,0.2,2.17
Figura de Miles Morales,Marvel,238,4/24/2017,1.23,0.83,0,0.1,2.16
Quinjet de los Vengadores,Marvel,795,12/1/2017,1.51,0.47,0,0.18,2.16
Hulkbuster: Batalla de Wakanda,Marvel,385,10/16/2019,0.14,0.03,1.98,0,2.15
Nanoguantelete,Marvel,675,3/14/2017,1.5,0.55,0.02,0.08,2.15
Martillo de Thor,Marvel,979,1/3/2019,0.6,1.41,0,0.14,2.15
El Increi­ble Spider-Man,Marvel,2099,7/20/2017,0.54,1.16,0.13,0.32,2.15
Armadura Robótica de Venom vs. Miles Morales,Marvel,134,5/16/2018,0.01,0,2.13,0,2.14
Figura de Spider-Man,Marvel,258,10/28/2018,1.47,0.38,0.19,0.1,2.14
Nave de Baby Rocket,Marvel,330,3/14/2018,1.2,0.84,0,0.1,2.14
Base de los Guardianes de la Galaxia,Marvel,67,8/19/2019,0.66,0,1.45,0.03,2.14
Llavero de Spider-Man,Marvel,,6/4/2017,0.52,1.03,0,0.59,2.14
Rocket y Bebé Groot,Marvel,566,10/27/2018,1.99,0.12,0,0.02,2.13
Llavero de Loki,Marvel,,7/19/2017,0.82,0.37,0.89,0.05,2.13
Coche de Carreras de Spider-Man y Duende Verde Venomizado,Marvel,227,5/6/2018,1.04,0.81,0,0.27,2.13
Llavero de la Bruja Escarlata,Marvel,,9/23/2018,0.64,0.07,1.35,0.08,2.13
Llavero de Spider Fantasma,Marvel,,2/21/2018,0.59,1.16,0.06,0.33,2.13
Warbird de Rocket vs. Ronan,Marvel,290,10/14/2017,0.83,0.33,0.92,0.04,2.12
Calendario de Adviento de Los Vengadores,Marvel,243,3/15/2017,1.37,0.61,0.05,0.09,2.12
Yo Soy Groot,Marvel,476,8/15/2018,0.91,0.05,1.07,0.09,2.12
Hulkbusterâ€‹,Marvel,4049,10/27/2019,0.93,0.97,0.02,0.21,2.12
Meca y Moto del Motorista Fantasma,Marvel,264,7/3/2017,1.47,0.09,0.45,0.11,2.12
Figura de Venom,Marvel,297,11/28/2017,1.68,0.4,0,0.03,2.11
Cuartel General Arácnido del Equipo Spidey,Marvel,193,1/26/2017,1.68,0.31,0.02,0.09,2.11
Armadura Robótica de Thanos,Marvel,113,5/3/2017,0.63,0.21,1.13,0.13,2.11
Armeria de Iron Man,Marvel,496,1/22/2018,0.11,1.34,0.4,0.26,2.11
Groot Venomizado,Marvel,630,3/6/2019,1.2,0.62,0,0.29,2.11
Motos de Viuda Negra y el Capitán América,Marvel,130,8/8/2019,0.9,0.45,0.63,0.13,2.11
Batalla Final de Endgame,Marvel,794,11/13/2018,1.61,0.27,0.05,0.18,2.11
Black Panther,Marvel,2961,4/3/2019,1.63,0.33,0,0.15,2.11
Armadura Robótica de Rocket,Marvel,98,5/20/2018,0.94,0.07,1.05,0.04,2.1
Base Móvil del Equipo Spidey,Marvel,187,4/4/2019,1.17,0.72,0,0.22,2.1
Spidey vs. Duende Verde,Marvel,84,10/26/2017,1.54,0.44,0.04,0.07,2.1
Hoopty,Marvel,420,8/23/2019,1.77,0.13,0.02,0.18,2.1
Llavero de Groot,Marvel,,8/2/2017,1.41,0.51,0.01,0.17,2.1
Figura para Construir: Lobezno,Marvel,327,11/6/2019,0,0,1.96,0.14,2.09
Figura para Construir: Capitán América,Marvel,310,3/4/2018,1.26,0.6,0.05,0.18,2.09
Garras de Adamantium de Wolverine,Marvel,596,3/2/2017,0.99,0.63,0.29,0.19,2.09
Llavero de Black Panther,Marvel,,9/25/2018,1.16,0.65,0.08,0.2,2.09
Llavero de Iron Man,Marvel,,2/18/2019,0.92,0.94,0,0.22,2.09
Casco de Star-Lord,Marvel,602,11/12/2017,1.97,0,0,0.12,2.09
Venom,Marvel,565,8/10/2017,1.84,0.12,0.01,0.13,2.09
Figura de Iron Man,Marvel,381,6/11/2017,0.46,0.42,0.96,0.25,2.09
Coche de Spider-Man y Doc Ock,Marvel,48,5/19/2017,0.7,0.93,0.14,0.32,2.09
LEGO Minifigures Marvel: 2 Edición,Marvel,10,12/4/2017,0.89,1.08,0,0.11,2.08
Sala del Trono del Rey Namor,Marvel,355,2/2/2018,2.04,0.04,0,0,2.08
Miles Morales vs. Morbius,Marvel,220,12/13/2018,1.11,0.71,0,0.27,2.08
Figura para Construir: Ant-Man,Marvel,289,4/24/2017,0.97,0.33,0.73,0.06,2.08
Ataque sobre Nuevo Asgard,Marvel,159,4/11/2018,1.36,0.52,0,0.2,2.08
Llavero de Carnage,Marvel,,2/21/2017,0.63,1.02,0.05,0.39,2.08
Cuartel General Arácnido de Spider-Man,Marvel,155,3/7/2017,1.77,0.32,0,0,2.08
Black Panther: Guerra en las Aguas,Marvel,545,7/12/2018,0.59,0.99,0.13,0.36,2.08
Iron Spider-Man,Marvel,91,12/9/2018,0.79,0.94,0,0.35,2.08
Llavero de la Capitana Marvel,Marvel,,3/15/2019,1.64,0.36,0,0.07,2.07
Camiones de Combate de Hulk y Rino,Marvel,110,8/5/2017,1.54,0.46,0,0.08,2.07
Hulkbuster de Iron Man vs.Thanos,Marvel,66,12/10/2018,1.48,0.39,0,0.19,2.07
Sunbird de Shuri,Marvel,355,4/17/2018,0.63,0.42,0.75,0.26,2.07
Laboratorio de Shuri,Marvel,58,5/24/2018,0.75,0.54,0.54,0.23,2.07
Nave de los Guardianes,Marvel,1901,2/15/2018,0.68,0.46,0.79,0.13,2.06
Nave de los Nuevos Guardianes,Marvel,1108,5/16/2017,1.06,0.62,0.13,0.25,2.06
Miles Morales: Tecnotrike de Spider-Man,Marvel,59,8/3/2018,1.15,0.77,0.04,0.1,2.06
Barco Caprino,Marvel,564,9/13/2017,0.71,0.52,0.74,0.08,2.06
Llavero de Spider-Ham,Marvel,,6/18/2019,1.04,0.8,0.01,0.22,2.06
La Batalla en la Oscuridad Profunda,Minecraft,584,5/13/2019,0.73,0.97,0.02,0.34,2.06
La Fortificación-Espada,Minecraft,427,3/22/2017,1.2,0.63,0.04,0.19,2.06
La Cabaña-Abeja,Minecraft,254,10/22/2019,0.89,0.57,0.46,0.13,2.06
La Armeria,Minecraft,203,12/12/2017,1.75,0.25,0,0.05,2.05
El Santuario de Animales,Minecraft,206,9/1/2019,1.47,0.48,0.05,0.06,2.05
El Pueblo-Llama,Minecraft,1252,1/22/2019,1.16,0.06,0.83,0,2.05
La Mina Abandonada,Minecraft,248,5/19/2019,0.73,0.92,0.04,0.37,2.05
La Casa-Ajolote,Minecraft,242,11/3/2019,0.48,1.29,0.02,0.25,2.05
La Aventura en el Pantano,Minecraft,65,7/18/2018,1.23,0.64,0,0.19,2.05
La Fortaleza del Gólem de Hierro,Minecraft,868,9/4/2019,1.43,0.33,0.04,0.25,2.05
El Refugio-Zorro,Minecraft,193,2/7/2019,0.71,0.83,0.15,0.35,2.05
El Arrecife de Coral,Minecraft,92,1/17/2018,1.2,0.48,0.29,0.07,2.04
El Bastión del Nether,Minecraft,300,12/25/2018,0.71,1.02,0,0.31,2.04
La Casa-Champiñón,Minecraft,272,8/10/2019,1.74,0.02,0,0.28,2.04
El Portal en Ruinas,Minecraft,316,4/10/2018,0.73,1.09,0,0.23,2.04
La Aldea Abandonada,Minecraft,422,12/27/2019,1.11,0.27,0.53,0.14,2.04
El Rancho-Conejo,Minecraft,340,12/9/2017,1.45,0.42,0.01,0.16,2.04
La Mazmorra del Esqueleto,Minecraft,364,7/26/2017,0.58,1.06,0.03,0.37,2.04
La Casa-Tortuga de la Playa,Minecraft,234,4/26/2017,1.25,0.61,0.13,0.05,2.03
La Expedición de Steve al Desierto,Minecraft,75,1/21/2017,1.57,0.18,0,0.27,2.03
El Combate en el End,Minecraft,252,9/26/2018,1.47,0.4,0,0.16,2.03
La Emboscada en el Portal del Nether,Minecraft,352,10/24/2018,1.53,0.25,0,0.25,2.03
El Duelo contra el Devorador,Minecraft,420,12/22/2019,1.81,0.05,0.01,0.15,2.02
Llavero de Creeper,Minecraft,,8/25/2019,1.05,0.67,0,0.3,2.02
La Casa-Rana,Minecraft,400,6/3/2019,0.82,0.98,0.04,0.18,2.02
La Casa-Cerdo,Minecraft,490,3/17/2019,1.76,0.09,0,0.17,2.02
La Pasteleria,Minecraft,154,2/18/2018,0.49,1.27,0,0.25,2.01
Llavero de Steve,Minecraft,,5/26/2018,1.2,0.62,0,0.18,2.01
Caja Modular 4.0,Minecraft,605,9/18/2019,0.52,0.16,1.29,0.03,2
El Refugio-Panda,Minecraft,553,5/2/2019,1.48,0.3,0,0.22,2
La Granja-Calabaza,Minecraft,257,11/19/2019,0.89,0.45,0.53,0.13,2
El Castillo de Hielo,Minecraft,499,3/2/2019,0.77,0.85,0.01,0.37,2
Zombi,Minecraft,81,3/18/2019,0.35,1.31,0.02,0.33,2
La Batalla contra el Guardián,Minecraft,255,3/11/2017,0.75,0.3,0.9,0.04,1.99
El Campo de Entrenamiento,Minecraft,534,1/22/2018,0.95,0.64,0.27,0.13,1.99
Los Picos de Hielo,Minecraft,304,12/21/2017,1.21,0.64,0.05,0.09,1.99
Llavero de Piglin,Minecraft,,11/24/2018,0.93,0.27,0.75,0.04,1.98
El Granero Rojo,Minecraft,799,4/2/2017,0.75,1.09,0.02,0.12,1.98
La Emboscada del Creeper,Minecraft,72,8/18/2018,1.11,0.63,0.07,0.16,1.98
Llama,Minecraft,100,8/16/2019,1.25,0.58,0,0.16,1.98
Alex,Minecraft,86,9/13/2017,1.84,0.11,0,0.02,1.97
LEGO Minifigures: 25 Edición,Minifiguras,9,11/19/2019,0.74,0.95,0,0.28,1.97
LEGO Minifigures: 25 Edición (paquete de 6),Minifiguras,52,8/6/2019,0.71,0.58,0.51,0.17,1.97
Minifigura LEGO Gigante,Minifiguras,654,1/26/2018,1.2,0.59,0,0.19,1.97
LEGO Minifigures: 24 Edición,Minifiguras,8,4/9/2018,1.01,0.64,0.02,0.3,1.97
LEGO Minifigures Marvel: 2 Edición,Minifiguras,10,8/8/2018,0.99,0.8,0,0.18,1.97
LEGO Minifigures: Edición Disney 100,Minifiguras,8,5/20/2019,0.72,0.86,0.08,0.32,1.97
LEGO Minifigures: 24 Edición (paquete de 6),Minifiguras,51,10/9/2019,0.18,0.23,1.53,0.02,1.96
Llavero del Chico Bulldog Francés,Minifiguras,,5/25/2019,1.13,0.37,0.41,0.05,1.96
Llavero de la Chica Chile,Minifiguras,,12/12/2017,0.5,0.5,0.63,0.33,1.96
Llavero de la Chica Mariquita,Minifiguras,,5/19/2018,0.79,0.03,1.05,0.08,1.96
5.Âº Aniversario de Megápolis,Monkie Kid,2330,3/25/2017,1.09,0.65,0.02,0.2,1.96
Meca-Dragón de Mei,Monkie Kid,990,7/14/2017,1.22,0.57,0.02,0.15,1.96
Meca Ultra de Monkey King,Monkie Kid,1705,11/6/2018,1.09,0.77,0,0.09,1.95
Meca Combinado de Monkie Kid,Monkie Kid,277,2/23/2019,0.74,1.01,0,0.2,1.95
Dragón Guardián de Mei,Monkie Kid,605,5/21/2017,1.69,0.2,0,0.06,1.95
Reinos Celestiales,Monkie Kid,2433,8/27/2017,1.26,0.61,0,0.09,1.95
Reactor-Dragón de Mei,Monkie Kid,246,11/2/2019,1.3,0.49,0,0.16,1.95
Minimeca de Monkie Kid,Monkie Kid,556,6/14/2019,0.96,0.38,0.55,0.05,1.94
Vehi­culos Creativos,Monkie Kid,390,3/25/2017,1.41,0.42,0.03,0.07,1.94
Ciudad de los Faroles,Monkie Kid,2187,2/13/2019,1.94,0,0,0,1.94
Anillo de Fuego de Nezha,Monkie Kid,929,9/25/2018,0.59,1.23,0,0.13,1.94
Meca de Evil Macaque,Monkie Kid,893,5/19/2018,1.42,0.4,0,0.12,1.94
El Poderoso Azure Lion,Monkie Kid,789,11/28/2017,0.95,0.74,0,0.25,1.94
Palacio del Dragón del Este,Monkie Kid,2364,10/19/2017,1.09,0.15,0.65,0.04,1.94
Bastón Creativo de Monkie Kid,Monkie Kid,309,10/13/2018,0.49,1.26,0.01,0.18,1.94
Dragón del Este,Monkie Kid,880,1/14/2018,1.48,0.39,0,0.06,1.93
Fábrica de Pasteles de Luna,Monkie Kid,609,9/23/2017,0.34,0.26,1.3,0.03,1.93
Guarida del Equipo de Monkie Kid,Monkie Kid,1582,3/23/2019,1.06,0.6,0.2,0.07,1.93
Dirigible-Nube de Monkie Kid,Monkie Kid,540,7/11/2019,1,0.72,0,0.21,1.93
Reactor-Nube de Monkie Kid,Monkie Kid,529,5/20/2017,1.1,0.56,0,0.27,1.93
Yellow Tusk Elephant,Monkie Kid,844,4/24/2018,1.53,0.24,0,0.16,1.93
Tanque-Toro de Hierro,Monkie Kid,430,4/9/2018,1.51,0,0.29,0.12,1.93
Furgoneta del Equipo de Monkie Kid,Monkie Kid,1406,7/5/2018,1.15,0.61,0,0.17,1.93
Explorador Galáctico de Monkie Kid,Monkie Kid,1356,10/15/2018,0.56,0.89,0.1,0.37,1.93
Mercados de la Ciudad de NINJAGO,NINJAGO,6163,2/18/2017,0.26,0.16,1.46,0.03,1.92
Jardines de la Ciudad de NINJAGO,NINJAGO,5686,7/20/2019,0.92,0.53,0.41,0.06,1.92
Núcleos de Energia del Templo del Dragón,NINJAGO,1029,6/13/2019,0.76,0.96,0,0.2,1.92
Kai Dragón Power: Tornado Spinjitzu,NINJAGO,72,10/20/2019,1.03,0.8,0,0.09,1.92
Pack de Combate: Meca de Jay,NINJAGO,78,6/5/2017,0.94,0.73,0,0.25,1.92
Lloyd Dragón Power: Ciclón Spinjitzu,NINJAGO,56,11/4/2019,0.87,0.85,0,0.2,1.92
Meca Elemental del Fuego de Kai,NINJAGO,322,9/14/2018,0.73,0.97,0.01,0.22,1.92
Nya Dragón Power: Derrape Spinjitzu,NINJAGO,57,12/19/2017,1.06,0.67,0,0.18,1.92
Dragón Maestro Egalt,NINJAGO,532,3/28/2017,0.86,0.87,0.01,0.17,1.92
Meca Elemental de la Tierra de Cole,NINJAGO,235,1/7/2018,0.72,0.16,1.01,0.02,1.91
Barco de Asalto Ninja: Carrera Contra el Tiempo,NINJAGO,1739,1/9/2019,1.14,0.57,0,0.19,1.91
Meca Elemental Tecno de Sora,NINJAGO,209,12/2/2018,1.3,0.44,0,0.17,1.91
Sabueso CazaDragónes de Imperium,NINJAGO,198,2/3/2018,1.08,0.66,0,0.17,1.91
Ataque Rising Dragón de Kai,NINJAGO,24,6/7/2017,0.77,0.78,0.04,0.31,1.91
Dragón de Agua EVO de Nya,NINJAGO,173,7/14/2017,1.03,0.75,0.03,0.09,1.9
Dragón de Lava Transformable de Heatwave,NINJAGO,479,4/11/2019,0.59,0.92,0.06,0.32,1.9
Todoterreno del Dragón de Cole,NINJAGO,384,8/11/2019,1.56,0.15,0,0.18,1.89
Moto de Carreras Transformable en Meca de Sora,NINJAGO,384,8/18/2019,0.73,0.91,0.03,0.22,1.89
Zane Dragón Power: Deportivo de Competición Spinjitzu,NINJAGO,307,5/24/2017,0.21,0.3,1.33,0.04,1.89
Catanas Cruzadas con Vainas,NINJAGO,,10/21/2018,1.42,0.36,0.03,0.07,1.88
Meca de Combate de Arin,NINJAGO,104,8/11/2017,1.37,0.44,0,0.08,1.88
Ataque Rising Dragón de Arin,NINJAGO,27,3/13/2017,0.25,0.12,1.48,0.03,1.88
Mega Arma de Lord Garmadon,NINJAGO,,3/15/2019,0.92,0.72,0,0.24,1.88
Meca Ninja Ultra Combo,NINJAGO,1104,6/7/2019,0.89,0.69,0.09,0.21,1.88
Ataque Rising Dragón de Nya,NINJAGO,26,10/5/2017,1.05,0.54,0.03,0.26,1.88
Meca de Combate Ninja EVO de Lloyd,NINJAGO,223,1/11/2018,0.22,1.47,0.04,0.14,1.87
Dragón Elemental vs. Meca de la Emperatriz,NINJAGO,1038,5/25/2018,0.53,0.16,1.07,0.1,1.87
Mecas del Equipo Ninja de Lloyd y Arin,NINJAGO,764,8/19/2018,0.96,0.53,0.3,0.09,1.87
Criatura Dragón de Hielo de Zane,NINJAGO,973,12/3/2019,0.47,0.08,0,1.33,1.87
Dragón Legendario de Lloyd,NINJAGO,747,7/20/2019,0.73,0.62,0.4,0.12,1.87
Meca Titán de Jay,NINJAGO,794,4/24/2019,1.37,0.41,0.04,0.04,1.86
Meca Samurái X de Nya,NINJAGO,1003,10/2/2019,0.94,0.44,0.39,0.1,1.86
Templo del Rey Cristal,NINJAGO,703,3/18/2019,0.62,0.42,0.69,0.12,1.86
Moto del Dragón Dorado de Jay,NINJAGO,137,8/15/2018,0.87,0.52,0.41,0.06,1.86
Ultradragón Dorado de Lloyd,NINJAGO,989,12/7/2017,0.91,0.71,0,0.24,1.86
Dragón de Tierra EVO de Cole,NINJAGO,285,9/23/2017,1.12,0.69,0.03,0.02,1.86
Caja Ninja de Ladrillos Creativos,NINJAGO,530,5/11/2017,0,1.37,0,0.49,1.86
Moto Callejera Ninja de Lloyd,NINJAGO,64,3/4/2017,1.75,0.03,0,0.08,1.86
Explorador del Dragón Dorado de Kai,NINJAGO,624,11/22/2018,1.34,0.37,0,0.15,1.86
Deportivo EVO de Lloyd,NINJAGO,279,1/18/2018,0.85,0.71,0.13,0.16,1.86
Dragón del Trueno EVO de Jay,NINJAGO,140,6/16/2018,0.64,0.92,0.01,0.29,1.86
Batalla en Coche y Moto de Kai y Ras,NINJAGO,103,11/18/2017,0.8,0.19,0.83,0.03,1.85
Jet del Rayo EVO de Jay,NINJAGO,146,3/22/2017,1.33,0.49,0,0.03,1.85
Coche de Carreras Ninja EVO de Kai,NINJAGO,94,4/16/2018,1.26,0.18,0.35,0.06,1.85
Deportivo EVO de Jay y Nya,NINJAGO,536,6/19/2017,0.83,0.82,0,0.2,1.85
Espada Imperium,NINJAGO,,10/3/2018,1.05,0.49,0.08,0.23,1.85
Batalla por el Dragón Bebé de Nya y Arin,NINJAGO,157,9/13/2018,0.61,0.59,0.55,0.11,1.85
Moto-Meca EVO de Kai,NINJAGO,312,7/27/2019,0,1.1,0.42,0.33,1.84
Rey Cristal,NINJAGO,722,10/5/2019,1.53,0.05,0,0.25,1.84
Templo del Dragón Ninja,NINJAGO,161,1/12/2019,0.97,0.34,0.35,0.18,1.84
Reactor del Dragón Dorado de Zane,NINJAGO,258,6/12/2019,0.25,0.07,1.49,0.02,1.83
Templo Dojo Ninja,NINJAGO,1394,3/24/2018,0.92,0.33,0.52,0.05,1.83
Barco de Asalto Hidro,NINJAGO,1159,8/21/2017,1.33,0.4,0.03,0.07,1.83
Dragón de Agua,NINJAGO,737,2/14/2018,0.83,0.06,0.93,0,1.83
Meca de išltima Generación EVO de Zane,NINJAGO,95,8/10/2017,1.31,0.49,0,0.03,1.83
Meca Ninja de Lloyd,NINJAGO,57,4/2/2019,1.09,0.54,0.02,0.17,1.83
Dragón del Fuego EVO de Kai,NINJAGO,204,9/24/2019,0.84,0.76,0,0.23,1.83
Tulipanes,Other,111,12/10/2018,0.46,1.02,0.07,0.28,1.83
Girasoles,Other,191,10/1/2017,1.24,0.43,0.03,0.12,1.82
Rosas,Other,120,2/5/2017,1.73,0.07,0,0.02,1.82
Narcisos,Other,216,11/28/2019,1.81,0,0,0,1.82
Flores de Cerezo,Other,430,6/18/2018,0.91,0.74,0.07,0.09,1.82
Corazón Decorativo,Other,254,6/22/2017,0.61,0.34,0.79,0.09,1.82
Flores de Loto,Other,220,2/17/2019,1.1,0.51,0.12,0.08,1.81
Cascanueces LEGO,Other,208,7/17/2018,0.78,0.44,0.56,0.04,1.81
Adornos de Pan de Jengibre,Other,190,12/28/2017,1.05,0.59,0,0.18,1.81
Todo el Mundo es Fabuloso,Other,346,1/17/2017,0.88,0.69,0,0.23,1.81
Arbol de Navidad,Other,784,2/22/2018,0.22,0.21,1.35,0.03,1.81
Dragón de la Suerte,Other,1171,8/10/2018,0.55,0.84,0.11,0.31,1.81
Postal de Japón,Other,262,6/13/2019,1,0.68,0,0.12,1.8
Land Rover Classic Defender,Other,150,9/9/2019,0.93,0.59,0.21,0.07,1.8
Taxi Amarillo,Other,124,6/1/2017,1.66,0,0.01,0.13,1.8
Celebración Familiar,Other,1823,5/22/2018,1,0.03,0,0.77,1.8
Calendario de Fiestas,Other,345,10/26/2018,1.41,0.21,0.03,0.16,1.8
Osos Polares en Invierno,Other,312,11/27/2019,1.26,0.39,0.08,0.06,1.79
Llavero de minifigura dorada LEGO,Other,,2/16/2017,0.52,0.88,0.06,0.34,1.79
Pi­cnic de Erizos,Other,166,5/8/2018,0.49,0.96,0.07,0.27,1.79
Llavero de Chico Cactus,Other,,2/4/2019,1.12,0.58,0,0.08,1.78
Piñata,Other,206,8/14/2019,1.25,0.29,0,0.24,1.78
Parque Primaveral de Animales,Other,172,12/24/2019,0.39,1.01,0.02,0.36,1.78
Postal de Londres,Other,277,11/7/2017,0.23,0.03,1.49,0.03,1.78
Trineo de Papá Noel,Other,343,6/22/2019,0.45,0.94,0.06,0.33,1.78
Nido de Pájaros,Other,232,1/6/2019,0.32,0.95,0.36,0.14,1.78
Llavero de Pioli­n,Other,,11/7/2018,1.05,0.57,0.03,0.14,1.78
Corona de Navidad,Other,510,8/28/2017,0.41,0.46,0.72,0.19,1.78
Conejo Lunar,Other,288,3/3/2017,0.24,0.09,1.33,0.12,1.77
Postal de Nueva York,Other,253,6/26/2017,0.63,0.06,1.03,0.04,1.77
Llavero de hombre con disfraz de tiburón,Other,,11/4/2018,1.19,0.29,0.24,0.06,1.77
Llavero de ladrillo LEGO rojo,Other,,1/6/2018,0.85,0.76,0,0.16,1.77
Llavero de Elfo Ayudante Feliz,Other,,7/15/2017,1.16,0.45,0,0.16,1.77
Llavero de la Dama de la Libertad,Other,,1/10/2019,1.07,0.45,0.01,0.24,1.77
Llavero de la Chica con Disfraz de Llama,Other,,11/18/2017,0.93,0.57,0.14,0.13,1.77
Desfile del Año Nuevo Lunar,Other,1653,9/28/2018,0.31,0.54,0.84,0.08,1.77
Llavero Blanco Metálico 2x4,Other,,3/15/2018,1.59,0.03,0,0.15,1.77
Arbol del Dinero,Other,336,5/19/2018,0.53,0.12,1.09,0.02,1.76
Llavero con ladrillo dorado LEGO,Other,,8/15/2019,0.85,0.31,0.56,0.04,1.76
Juego de ajedrez,Other,1450,7/27/2018,1.02,0.47,0.2,0.07,1.76
Representación Ornamental del Año Nuevo Lunar,Other,872,11/16/2019,1.27,0.42,0,0.07,1.76
Postal de Australia,Other,191,9/20/2017,0.93,0.38,0.4,0.06,1.76
Set de Cumpleaños,Other,141,5/27/2017,0.61,0.87,0.02,0.26,1.76
Tuc-tuc,Other,155,6/27/2019,1.23,0.46,0,0.07,1.76
Llavero de Papá Noel Feliz,Other,,4/10/2017,0.86,0.67,0,0.22,1.76
Llavero de chica mariposa,Other,,10/27/2017,1.06,0.54,0,0.16,1.76
Llavero del Vendedor de perritos calientes LEGO,Other,,10/8/2018,0.86,0.67,0,0.22,1.76
Tarta de Cumpleaños,Other,211,3/26/2017,0.52,0.95,0,0.29,1.76
Iconos de Juego,Other,899,9/3/2019,1.26,0.47,0,0.03,1.76
Pinguino de Navidad,Other,244,10/18/2019,0.35,1.07,0.02,0.32,1.76
Llavero Azul Tierra 2x4,Other,,3/11/2019,0.68,0.9,0.01,0.17,1.76
Gato y Ratón de Halloween,Other,328,6/8/2019,0.72,0.69,0.04,0.31,1.76
Marco de fotos LEGO Iconic,Other,268,2/25/2018,1.11,0.48,0,0.16,1.76
Conejitos de Pascua,Other,288,6/10/2018,0.7,0.13,0.91,0.01,1.75
Flores decorativas LEGO,Other,100,8/2/2018,0.94,0.34,0.21,0.27,1.75
Tortolitos de San Valenti­n,Other,298,9/19/2017,0.79,0.14,0.8,0.02,1.75
Llavero del Monstruo de las Galletas,Other,,8/20/2018,1.68,0.04,0,0.04,1.75
Ludo LEGO,Other,389,1/18/2019,0.06,0.9,0.53,0.27,1.75
Paseo navideño en tren LEGO,Other,169,10/1/2019,1.24,0.45,0,0.07,1.75
Pack de Oso Polar y Regalo,Other,142,5/21/2019,1.25,0.46,0,0.03,1.75
Horizon Forbidden West: Cuellilargo,Other,1222,4/8/2018,1,0.54,0.03,0.18,1.75
Llavero del Ti­o Sandia,Other,,11/26/2017,0.85,0.66,0.01,0.22,1.75
Pinguino y Copo de Nieve,Other,139,7/25/2019,0.83,0.66,0.08,0.18,1.75
Llavero de Chica con Disfraz de Elefante,Other,,1/11/2017,0.9,0.37,0.25,0.24,1.75
Conejo de Pascua,Other,67,4/5/2017,1.69,0.04,0,0.01,1.74
Postal de Pari­s,Other,213,9/24/2017,1.66,0.04,0,0.04,1.74
Torre de los Vengadores,Other,211,12/1/2018,0.72,0.89,0.04,0.1,1.74
Tren,Other,59,2/16/2018,0.63,0.49,0.45,0.17,1.74
Feria del Templo del Año Nuevo Chino,Other,1664,7/2/2018,1.19,0.4,0,0.16,1.74
Deportivo Clásico,Other,142,12/14/2018,0.96,0.61,0.01,0.16,1.74
Adorno navideño: Pinguino,Other,37,6/17/2018,0.83,0.63,0.02,0.25,1.74
Set 40 aniversario de los trenes LEGO,Other,188,4/10/2017,0.59,0.75,0.13,0.27,1.74
Postal de Peki­n,Other,276,1/20/2017,0.49,0.88,0.06,0.3,1.74
Llavero Creativo,Other,,12/10/2017,0.69,0.89,0.03,0.14,1.74
Llavero Verde Metálico 2x4,Other,,11/4/2019,1.48,0.2,0,0.05,1.73
Ladrillos Magnéticos 4x4 LEGO,Other,4,9/9/2017,0.85,0.66,0,0.22,1.73
Modelo Magnético de Torre Eiffel,Other,29,2/1/2018,0.94,0.62,0.1,0.07,1.73
Llavero Creativo LEGO,Other,,6/9/2019,0.95,0.7,0,0.08,1.73
Llavero de Elmo,Other,,3/11/2019,1.06,0.52,0.01,0.14,1.73
China: Llavero de Chica con Flores,Other,,7/2/2019,1.15,0.44,0,0.14,1.73
Bar de zumos del plátano fiestero LEGO,Other,,5/28/2017,0.67,0.66,0.12,0.27,1.73
Llavero del Ti­o del Cumpleaños,Other,,11/26/2018,0.64,0.68,0.14,0.26,1.73
Llavero 2x6 LEGO,Other,,5/22/2018,0.85,0.66,0,0.22,1.72
Pareja de Calabaza y Murciélago,Other,131,11/8/2017,0.8,0.21,0.55,0.15,1.72
Danza del León,Other,882,2/27/2019,1.61,0.03,0,0.08,1.72
Bola de Pollo Skater,Other,36,1/27/2018,0.61,0.18,0,0.94,1.72
Juego de Arti­culos Creativos de Papeleria LEGO,Other,18,7/14/2019,0.7,0.83,0,0.19,1.72
Huevo de Pascua LEGO,Other,239,8/20/2017,0.41,0.98,0,0.33,1.72
Pack de Araña y Casa Encantada,Other,132,8/28/2018,0.61,0.78,0.06,0.27,1.72
Paseo en Carro por Halloween,Other,148,4/7/2019,0.66,0.78,0,0.28,1.72
Casa del Conejo de Pascua,Other,57,10/27/2019,0.99,0.64,0,0.08,1.71
Mighty Micros: Supergirl vs. Brainiac,Other,80,3/16/2017,1.25,0.39,0,0.06,1.71
Mighty Micros: Batman vs. Harley Quin,Other,86,11/27/2018,1.09,0.55,0,0.07,1.71
Peluche de minifigura de la chica abeja,Other,,12/28/2019,0.88,0.34,0.32,0.18,1.71
Piano de Cola,Powered UP,3662,10/10/2017,0,0,1.71,0,1.71
Luz,Powered UP,1,9/17/2017,1.15,0.41,0,0.15,1.71
Motor Lineal Mediano,Powered UP,1,3/9/2018,1.43,0.16,0,0.12,1.71
Move Hub,Powered UP,1,5/17/2019,0.59,0.87,0,0.25,1.71
Sensor de Color y Distancia,Powered UP,1,2/22/2019,0,0,1.69,0.01,1.7
Motor de Tren,Powered UP,7,2/10/2019,1.41,0.05,0,0.23,1.7
Hub Grande,Powered UP,2,4/26/2019,0.49,1.12,0,0.09,1.7
Casa Encantada de la Feria,Powered UP,3231,12/1/2018,0.69,0.83,0,0.19,1.7
Control Remoto,Powered UP,1,4/19/2018,0.99,0.42,0.14,0.15,1.7
Huida de Shadow the Hedgehog,Sonic the Hedgehog,196,8/18/2019,1.58,0,0,0.12,1.7
Robot Guardián de Knuckles,Sonic the Hedgehog,276,8/3/2018,0.23,0.24,0,1.23,1.7
Llavero de Sonic the Hedgehog,Sonic the Hedgehog,,6/26/2017,0.62,0.21,0.79,0.08,1.7
Sonic the Hedgehog  Green Hill Zone,Sonic the Hedgehog,1125,7/11/2018,0.34,1.08,0.03,0.26,1.7
Sonic the Hedgehog,Sonic the Hedgehog,139,3/26/2017,1.37,0.28,0.03,0.02,1.69
Sonic vs. Robot Death Egg del Dr. Eggman,Sonic the Hedgehog,615,1/25/2019,1.1,0.48,0.04,0.07,1.69
Taller y Avión Tornado de Tails,Sonic the Hedgehog,376,10/27/2017,0.94,0.64,0,0.11,1.69
Sonic: Desafío de la Esfera de Velocidad,Sonic the Hedgehog,292,5/10/2017,0.87,0.66,0.08,0.08,1.69
Sonic: Desafío del Looping de Green Hill Zone,Sonic the Hedgehog,802,6/25/2018,1.52,0.12,0,0.05,1.69
Isla de Rescate de Animales de Amy,Sonic the Hedgehog,388,3/6/2017,1.22,0.34,0.04,0.1,1.69
Miles Tails Prower,Sonic the Hedgehog,131,9/3/2019,0.98,0.42,0.22,0.06,1.69
Sonic the Hedgehog: Knuckles y Shadow,Sonic the Hedgehog,298,1/14/2018,0.88,0.54,0.02,0.25,1.69
Mercedes-AMG F1 W12 E Performance y Mercedes-AMG Project One,Speed Champions,564,8/15/2017,0.79,0.71,0.01,0.18,1.69
Nissan Skyline GT-R (R34) de 2 Fast 2 Furious,Speed Champions,319,6/6/2017,0.96,0.44,0.08,0.22,1.69
Ferrari 812 Competizione,Speed Champions,261,1/25/2017,0.98,0.52,0,0.19,1.69
Porsche 963,Speed Champions,280,7/15/2019,0.8,0.52,0.07,0.3,1.69
McLaren Solus GT y McLaren F1 LM,Speed Champions,581,10/19/2019,1.01,0.53,0.01,0.14,1.69
Deportivo Ford Mustang Dark Horse,Speed Champions,344,9/28/2018,1.36,0.18,0,0.15,1.69
007 Aston Martin DB5,Speed Champions,298,6/22/2019,0.55,1.01,0,0.13,1.69
1970 Ferrari 512 M,Speed Champions,291,10/25/2018,0.59,0.24,0.82,0.03,1.68
Pagani Utopia,Speed Champions,249,5/24/2018,1.58,0.06,0,0.04,1.68
Coches de Carreras BMW M4 GT3 y BMW M Hybrid V8,Speed Champions,676,3/6/2018,0.38,0.87,0.33,0.1,1.68
Koenigsegg Jesko,Speed Champions,280,8/11/2017,1.18,0.27,0.17,0.06,1.68
Coche de Carreras Audi S1 e-tron quattro,Speed Champions,274,10/4/2019,1.67,0,0,0,1.68
Lamborghini Countach,Speed Champions,262,11/24/2017,0.82,0.64,0,0.22,1.68
Aston Martin Valkyrie AMR Proy Aston Martin Vantage GT3,Speed Champions,592,6/2/2019,0.9,0.47,0,0.32,1.68
LotusEvija,Speed Champions,247,7/18/2017,0.91,0.55,0.04,0.17,1.68
Fast & Furious 1970 Dodge Charger R/T,Speed Champions,345,7/24/2019,1.23,0.3,0,0.14,1.68
Toyota GR Supra,Speed Champions,299,2/23/2017,0.9,0.64,0,0.15,1.68
Daily Bugle,Spider-Man,3772,4/15/2018,0.91,0.3,0.42,0.04,1.67
Batalla Final de Spider-Man,Spider-Man,900,7/4/2018,1.58,0.05,0,0.04,1.67
Llavero de Miles Morales,Spider-Man,,10/22/2019,1.09,0.49,0.02,0.07,1.67
Figura de Miles Morales,Spider-Man,238,11/15/2018,0.59,0.95,0.03,0.1,1.67
Llavero de Spider-Man,Spider-Man,,6/8/2017,1.13,0.32,0,0.22,1.67
Llavero de Carnage,Spider-Man,,11/13/2017,0.93,0.52,0,0.22,1.67
Figura de Spider-Man,Spider-Man,258,2/3/2018,0.97,0.59,0.04,0.07,1.67
Camiones de Combate de Hulk y Rino,Spider-Man,110,2/26/2019,1.35,0.09,0,0.23,1.67
Figura de Venom,Spider-Man,297,2/25/2019,1.08,0.45,0,0.14,1.67
Armadura Robótica de Venom vs. Miles Morales,Spider-Man,134,12/28/2018,1.22,0.39,0,0.06,1.67
Spidey vs. Duende Verde,Spider-Man,84,11/27/2019,0.81,0.59,0.01,0.26,1.67
Cuartel General Arácnido del Equipo Spidey,Spider-Man,193,7/10/2017,0.94,0.57,0,0.17,1.67
El Increi­ble Spider-Man,Spider-Man,2099,9/24/2019,0.45,1.02,0,0.2,1.67
Venom,Spider-Man,565,8/28/2018,0.43,0.67,0.42,0.15,1.67
Coche de Spider-Man y Doc Ock,Spider-Man,48,6/16/2018,0.82,0.65,0,0.19,1.67
Cuartel General Arácnido de Spider-Man,Spider-Man,155,4/28/2019,1,0.3,0.31,0.04,1.66
Base Móvil del Equipo Spidey,Spider-Man,187,2/18/2018,0.78,0.61,0.06,0.2,1.66
Casa de Spider-Man,Spider-Man,25,11/6/2017,1.25,0.15,0.03,0.22,1.66
Equipo Spidey en el Faro del Duende Verde,Spider-Man,149,5/27/2017,0.81,0.63,0,0.21,1.66
Llavero de Spider-Ham,Spider-Man,,2/10/2017,0.96,0.12,0.54,0.04,1.66
Miles Morales: Tecnotrike de Spider-Man,Spider-Man,59,3/15/2018,0.76,0.7,0.02,0.18,1.66
Crucero de Ataque Clase Venator de la República,StarWars,5374,5/22/2018,0.57,0.73,0.06,0.3,1.66
AT-AT,StarWars,6785,1/20/2017,0.86,0.64,0.01,0.14,1.66
Millenium Falcon,StarWars,7541,8/13/2019,0.63,0.66,0.11,0.26,1.66
The Razor Crest,StarWars,6187,11/8/2017,1.54,0.1,0,0.02,1.65
Pack de Combate: Soldado Clon y Droide de Combate,StarWars,215,3/13/2019,1.06,0.38,0.15,0.05,1.65
Diorama Festivo: Halcón Milenario,StarWars,282,4/8/2019,0.9,0.11,0.6,0.05,1.65
Caza Estelar Ala-X,StarWars,1953,11/14/2019,0,0,1.65,0,1.65
Espi­ritu y Fantasma II,StarWars,1394,9/28/2017,1.09,0.38,0.02,0.16,1.65
Cañonera de la Guardia de Coruscant,StarWars,1083,12/26/2018,0.48,0.68,0.33,0.16,1.65
Microfighter: Caza Estelar N-1 de The Mandalorian,StarWars,88,4/21/2017,1.52,0.1,0,0.02,1.64
Superdestructor Estelar Ejecutor,StarWars,630,12/13/2017,0.74,0.26,0.61,0.03,1.64
Pack de Combate: Soldados Clon de la 332 de Ahsoka,StarWars,108,3/19/2017,0.93,0.63,0,0.08,1.64
R2-D2,StarWars,2314,9/12/2018,0.8,0.63,0,0.21,1.64
Caza Estelar Jedi de Yoda,StarWars,253,5/10/2017,0.8,0.05,0.76,0.03,1.64
Lanzadera Jedi T-6 de Ahsoka Tano,StarWars,601,3/28/2019,0.54,0.88,0,0.22,1.64
Héroes de la Batalla de Endor,StarWars,549,4/11/2018,1.44,0.15,0,0.05,1.64
Obi-Wan Kenobi y Darth Vader,StarWars,260,3/11/2018,0.32,0.02,1.27,0.03,1.64
Llavero de Soldado Explorador,StarWars,,9/14/2017,1.02,0.48,0,0.14,1.64
Speeder Terrestre de Luke Skywalker,StarWars,1890,10/16/2019,0.76,0.72,0,0.16,1.64
Meca de Soldado de Asalto,StarWars,138,4/7/2019,0.44,0.89,0.05,0.25,1.64
Caminante AT-TE,StarWars,1082,9/22/2019,0.71,0.48,0.32,0.11,1.63
Bombardero TIE,StarWars,625,8/2/2018,0.78,0.25,0.56,0.04,1.63
Halcón Milenario,StarWars,1353,10/26/2018,1.18,0.34,0,0.1,1.63
El Niño,StarWars,1075,8/2/2018,1.54,0.02,0,0.07,1.63
Diorama: Sala del Trono del Emperador,StarWars,807,2/6/2018,0.45,0.96,0.02,0.2,1.63
Casco de Darth Vader,StarWars,834,2/23/2019,0.6,0.73,0.02,0.28,1.63
AT-AT,StarWars,1267,3/17/2017,1.33,0.14,0,0.15,1.63
Meca de Darth Vader,StarWars,139,4/7/2018,0.9,0.61,0,0.11,1.62
Tanque Araña,StarWars,526,12/14/2017,1.01,0.11,0.45,0.04,1.62
The Crimson Firehawk,StarWars,136,8/8/2019,1.32,0.09,0,0.22,1.62
Llavero de Ahsoka Tano,StarWars,,11/20/2019,0.8,0.63,0.01,0.19,1.62
Cantina de Mos Eisley,StarWars,3187,12/5/2018,0.99,0.04,0.49,0.1,1.62
Transporte Inquisitorial Scythe,StarWars,924,5/19/2017,0.59,0.85,0.02,0.17,1.62
Meca de Boba Fett,StarWars,155,10/9/2018,0.82,0.61,0.03,0.15,1.62
Diorama: Duelo de Speeders en Endor,StarWars,608,10/17/2017,0.66,0.27,0.65,0.03,1.61
Caza Ala-X de Luke Skywalker,StarWars,474,9/21/2017,0,0,1.61,0.01,1.61
Caza Estelar Jedi de Obi-Wan Kenobi,StarWars,282,6/7/2019,0.79,0.62,0,0.21,1.61
Caza Colmillo Mandaloriano vs. Interceptor TIE,StarWars,957,1/20/2019,0.98,0.38,0.2,0.04,1.61
Llavero de Stormtrooper,StarWars,,7/14/2017,0,1.18,0,0.43,1.61
Nave Estelar de Boba Fett,StarWars,593,6/2/2019,0.8,0.38,0.3,0.13,1.61
Transporte de Cazarrecompensas de The Mandalorian,StarWars,1023,6/9/2017,1.5,0,0,0.11,1.61
Caza TIE Imperial,StarWars,432,1/16/2018,0.92,0.53,0.03,0.13,1.61
Llavero del Mandaloriano,StarWars,,4/26/2017,0.79,0.68,0.01,0.13,1.61
Llavero de Darth Vader,StarWars,,1/7/2017,1.49,0.09,0,0.02,1.6
Bandido Tusken,StarWars,152,8/1/2019,0.46,0.96,0.09,0.08,1.6
Microfighter: Nave Estelar de Boba Fett,StarWars,85,8/22/2018,0.71,0.48,0.3,0.1,1.6
Pack de Combate: Soldados Clon de la 501,StarWars,119,3/17/2017,1.05,0.44,0.06,0.04,1.6
Casco del Capitán Rex,StarWars,854,7/13/2019,1.3,0.23,0,0.07,1.6
Llavero de Grogu,StarWars,,12/22/2019,0.95,0.48,0.01,0.15,1.6
Base Rebelde de Yavin 4,StarWars,1066,4/16/2018,0.71,0.69,0.02,0.18,1.6
The Justifier,StarWars,1022,10/15/2017,0.19,0.02,1.36,0.02,1.6
Ala-E de la Nueva República vs. Caza Estelar de Shin Hati,StarWars,1056,7/5/2018,0.4,0.99,0,0.22,1.6
Chewbacca,StarWars,2319,3/18/2018,0.58,0.74,0.02,0.26,1.6
Caza Estelar N-1 de The Mandalorian,StarWars,412,11/11/2018,1.48,0.09,0,0.02,1.59
Casco del Mandaloriano,StarWars,584,4/9/2018,0.01,1.58,0,0,1.59
Casco del Comandante Clon Cody,StarWars,766,12/8/2019,0.61,0.41,0.46,0.1,1.59
Obi-Wan Kenobi vs. Darth Vader,StarWars,408,2/7/2019,0.88,0.6,0,0.1,1.59
LEGO StarWars: Calendario de Adviento 2023,StarWars,320,9/7/2017,1.26,0.12,0,0.21,1.59
Ataque de los Soldados Oscuros,StarWars,166,5/27/2019,1.15,0.36,0.04,0.04,1.59
Ahsoka Tano,StarWars,164,11/5/2019,0.04,1.1,0.32,0.13,1.59
AT-ST de Hoth,StarWars,586,1/26/2019,0.58,0.46,0.34,0.21,1.59
Casco de Luke Skywalker (Rojo Cinco),StarWars,675,5/8/2017,0.92,0.44,0.07,0.15,1.59
Tanque de Asalto de la República,StarWars,262,9/18/2019,0.95,0.5,0,0.14,1.59
BD-1,StarWars,1062,5/13/2018,0.88,0.6,0,0.1,1.58
Templo Jedi de Tenoo,StarWars,124,9/2/2018,0.85,0.65,0,0.08,1.58
Casco de la Princesa Leia (Boushh),StarWars,670,12/18/2018,1.06,0.37,0,0.15,1.58
Caza Snub Pirata,StarWars,285,8/5/2017,0.87,0.56,0,0.15,1.58
Llavero de Fenec Shand,StarWars,,3/21/2017,0.85,0.58,0,0.16,1.58
Cañonera de la República,StarWars,3292,12/23/2017,0.81,0.6,0.01,0.17,1.58
Diorama: Ataque a la Estrella de la Muerte,StarWars,665,5/12/2019,0.64,0.76,0,0.17,1.58
Casco de Soldado Oscuro,StarWars,693,2/20/2018,0.94,0.49,0,0.15,1.58
Sala del Trono de Boba Fett,StarWars,732,8/16/2017,0.58,0.44,0.44,0.12,1.58
Llavero de Yoda,StarWars,,1/4/2017,0.62,0.8,0.01,0.15,1.58
Diorama: Compactador de Basura de la Estrella de la Muerte,StarWars,802,9/9/2019,0.88,0.26,0.34,0.09,1.58
Pack de Combate: Soldados de las Nieves,StarWars,105,9/25/2018,0.47,0.8,0.03,0.29,1.58
Diorama: Entrenamiento Jedi en Dagobah,StarWars,1000,5/1/2019,0.77,0.6,0,0.2,1.57
AT-ST,StarWars,87,11/24/2018,0.98,0.53,0,0.06,1.57
El Mandaloriano y el Niño,StarWars,295,5/5/2017,0.95,0.11,0.46,0.04,1.57
Emboscada en Ferrix,StarWars,679,3/17/2019,0.1,0.18,0.12,1.16,1.57
Ferrari Daytona SP3,Technic,3778,5/7/2018,0.59,0.14,0.81,0.02,1.56
Lamborghini Sián FKP 37,Technic,3696,1/12/2018,0.67,0.17,0.69,0.03,1.56
Coche de Carreras McLaren Formula 1,Technic,1434,11/7/2019,1.32,0.19,0,0.05,1.56
Ford GT 2022,Technic,1468,12/8/2017,0.77,0.6,0,0.2,1.56
Porsche 911 RSR,Technic,1580,8/22/2019,0,0,1.56,0,1.56
PEUGEOT 9X8 24H Le Mans Hybrid Hypercar,Technic,1775,12/27/2019,0.68,0.38,0.44,0.05,1.56
BMW M 1000 RR,Technic,1921,6/2/2019,1.07,0.4,0,0.1,1.56
Lamborghini Huracán Tecnica,Technic,806,5/11/2018,0.18,0.64,0.49,0.25,1.56
Yamaha MT-10 SP,Technic,1478,1/6/2019,0.59,0.75,0.01,0.21,1.56
Ferrari 488 GTE AF Corse #51,Technic,1684,1/14/2018,0.58,0.44,0.33,0.21,1.56
Bugatti Bolide Agile Blue,Technic,905,12/5/2018,1.55,0,0,0,1.55
Ford Mustang ShelbyGT500,Technic,544,4/18/2019,1.13,0.38,0.02,0.03,1.55
NEOM McLaren Extreme E Race Car,Technic,252,8/19/2019,0.57,0.87,0.02,0.09,1.55
Grúa sobre Orugas Liebherr LR 13000,Technic,2883,1/25/2019,0.76,0.59,0,0.2,1.55
Bugatti Bolide,Technic,905,12/12/2017,0.91,0.57,0,0.07,1.55
Audi RS Q e-tron,Technic,914,10/11/2019,0.79,0.44,0.19,0.14,1.55
Formula E Porsche 99X Electric,Technic,422,8/13/2018,0.84,0.56,0,0.15,1.55
Camión de Residuos Mack LR Electric,Technic,503,4/22/2017,0.85,0.47,0.02,0.22,1.55
John Deere 9700 Forage Harvester,Technic,559,8/20/2018,0.8,0.53,0,0.22,1.55
NASCAR Next Gen Chevrolet Camaro ZL1,Technic,672,1/9/2018,0.6,0.51,0.21,0.23,1.55
Buldócer Pesado,Technic,195,1/20/2017,1.07,0.36,0,0.12,1.55
Buggy de Carreras Todoterreno,Technic,219,12/9/2018,0.72,0.54,0.04,0.25,1.55
Dom's Dodge Charger,Technic,1077,8/10/2017,0.9,0.53,0,0.13,1.55
NEOM McLaren Formula E Race Car,Technic,452,8/25/2017,0.69,0.5,0.24,0.11,1.55
NASA Mars Rover Perseverance,Technic,1132,4/16/2018,0.85,0.58,0,0.1,1.54
Planeta Tierra y Luna en i“rbita,Technic,526,4/12/2019,0.83,0.44,0.08,0.19,1.54
Camión de Trial 4x4 Mercedes-Benz Zetros,Technic,2129,8/3/2019,0.58,0.87,0,0.09,1.54
John Deere 9620R 4WD Tractor,Technic,390,10/7/2017,1.26,0.07,0,0.21,1.54
Nave Espacial de Carga Pesada VTOL LT81,Technic,1365,3/5/2017,1.4,0.02,0.02,0.1,1.54
Helicóptero de Rescate Airbus H175,Technic,2001,11/3/2019,0.68,0.43,0.29,0.14,1.54
Vehi­culo Transformable Controlado por App,Technic,772,2/4/2019,0.86,0.52,0.01,0.15,1.54
Róver Explorador del Equipo de Marte,Technic,1599,3/24/2019,1.06,0.35,0.01,0.12,1.54
McLaren Sena GTR,Technic,830,5/1/2017,0.71,0.22,0.52,0.1,1.54
Skidder John Deere 948L-II,Technic,1492,6/15/2018,1.19,0.29,0,0.05,1.53
THE BATMAN: BATMOTO,Technic,641,9/6/2019,0.85,0.58,0,0.1,1.53
Monster Jam Dragón,Technic,217,11/5/2019,1.44,0.05,0,0.04,1.53
Cargadora Espacial de Superficie LT78,Technic,435,5/23/2019,1.09,0.15,0.25,0.04,1.53
Camión Remolcador de Gran Tonelaje,Technic,2017,12/7/2018,0.57,0.79,0,0.17,1.53
Manipuladora de Materiales,Technic,835,8/12/2019,0.71,0.65,0.01,0.17,1.53
Avión de Bomberos,Technic,1134,11/15/2019,0.92,0.41,0,0.21,1.53
Monster Jam Monster Mutt Dalmatian,Technic,244,4/26/2019,0.95,0.43,0,0.14,1.53
Buldócer Cat D11Controlado por App,Technic,3854,3/5/2018,0.63,0.69,0,0.21,1.53
Volquete,Technic,177,3/25/2018,0.17,1.26,0,0.1,1.53
Jeep Wrangler,Technic,665,1/11/2019,0,0,1.52,0,1.52
Vehi­culo Todoterreno,Technic,764,8/18/2018,0.18,0.06,1.27,0.01,1.52
Monster Jam El Toro Loco,Technic,247,8/9/2018,1.43,0.05,0,0.04,1.52
Máquina Pisanieves,Technic,178,5/17/2018,1.07,0.39,0,0.06,1.52
Ducati Panigale V4 R,Technic,646,12/24/2018,1.45,0.04,0,0.04,1.52
Moto,Technic,163,1/25/2017,1.43,0.05,0,0.03,1.52
THE BATMAN: BATMOVIL,Technic,1360,4/2/2018,0.36,0.9,0,0.27,1.52
Manipulador Telescópico,Technic,143,3/17/2018,1.11,0.31,0.06,0.04,1.52
Monster Jam Grave Digger,Technic,212,1/20/2019,0.6,0.63,0.03,0.26,1.52
